pclass,age,sibsp,parch,fare,age_NA,fare_NA,sex_male,cabin_Missing,cabin_Rare,embarked_Missing,embarked_Q,embarked_S,title_Mr,title_Mrs,title_Rare
3,-0.3701620913204113,0,0,-0.5047821466761696,0,0,1,1,0,0,0,1,1,0,0
1,0.9040286440564046,0,0,1.971555047711324,0,0,0,0,1,0,0,0,0,0,0
3,-0.13125132843725829,0,0,-0.5085326016646277,1,0,1,1,0,0,1,0,1,0,0
3,-0.9276205380477682,0,0,-0.507716774992647,0,0,0,1,0,0,0,1,0,0,0
2,-0.05161440747620729,1,0,-0.24898037842322485,0,0,1,1,0,0,0,1,1,0,0
3,-0.8479836170867172,0,0,-0.5101622985897114,0,0,1,0,1,0,0,1,1,0,0
2,1.3022132488616596,0,0,-0.1511594345406456,0,0,1,1,0,0,0,1,1,0,0
3,-0.13125132843725829,0,4,-0.16159301641516152,1,0,0,1,0,0,0,1,0,1,0
1,-0.13125132843725829,0,0,-0.1511594345406456,1,0,1,0,1,0,0,1,1,0,0
1,0.5058440392511496,0,0,1.9937271428517493,0,0,0,0,0,0,0,0,0,0,0
3,-0.6887097751646152,0,0,-0.5082058797120599,0,0,1,1,0,0,1,0,1,0,0
3,-0.6090728542035643,0,0,-0.5023366230791051,0,0,1,1,0,0,0,1,1,0,0
3,-0.13125132843725829,0,0,-0.5053534209884438,1,0,1,1,0,0,0,1,1,0,0
2,0.5058440392511496,0,0,-0.40549388863535163,0,0,0,0,1,0,0,1,0,1,0
2,-0.5294359332425133,0,0,-0.39000492038098405,0,0,0,0,1,0,0,0,0,1,0
1,-1.0868943799698703,0,0,1.0324739864385633,0,0,0,0,1,0,0,1,0,0,0
3,-0.13125132843725829,3,1,-0.16159301641516152,1,0,0,1,0,0,0,1,0,0,0
3,-1.5647159057361761,0,2,-0.18735318377719995,0,0,0,1,0,0,0,1,0,0,0
1,-0.13125132843725829,0,0,-0.6598283427300576,1,0,1,1,0,0,0,1,1,0,0
3,-0.13125132843725829,0,2,-0.5082058797120599,1,0,0,1,0,0,1,0,0,0,0
1,1.3818501698227106,1,0,3.7915137086467112,0,0,1,0,0,0,0,0,0,0,1
3,-1.5647159057361761,5,2,0.2577321108885356,0,0,0,1,0,0,0,1,0,0,0
3,0.42620711829009866,0,0,-0.5082058797120599,0,0,0,1,0,0,1,0,0,0,0
3,-0.05161440747620729,0,0,-0.5061672912415469,0,0,1,1,0,0,0,1,1,0,0
3,0.5058440392511496,0,0,-0.5053534209884438,0,0,1,1,0,0,0,1,1,0,0
3,0.42620711829009866,0,0,-0.5204334976973822,0,0,1,1,0,0,0,1,1,0,0
2,-2.1221743524635333,1,2,0.15363497524645012,0,0,0,1,0,0,0,0,0,0,0
1,-0.21088824939830927,1,0,0.3790300813029339,0,0,1,0,1,0,0,1,1,0,0
3,-0.6090728542035643,0,0,-0.4844843008205344,0,0,0,1,0,0,0,1,0,0,0
3,-0.13125132843725829,0,0,-0.5183949092268694,1,0,1,1,0,0,0,0,1,0,0
2,0.1872963554069457,0,0,-0.40549388863535163,0,0,0,1,0,0,0,1,0,1,0
3,-0.13125132843725829,0,0,-0.505678186522134,1,0,0,1,0,0,1,0,0,0,0
2,1.4614870907837616,1,2,0.6118439277434725,0,0,0,1,0,0,0,1,0,1,0
3,-0.13125132843725829,0,0,-0.5082058797120599,1,0,1,1,0,0,1,0,1,0,0
3,-0.13125132843725829,1,0,-0.3448449034281525,1,0,0,1,0,0,0,1,0,1,0
3,-1.8036266686193292,4,1,0.11662539933791508,0,0,1,1,0,0,0,1,0,0,1
3,-0.9276205380477682,0,0,-0.5073098398660955,0,0,1,1,0,0,0,1,1,0,0
3,1.1429394069395575,0,0,-0.5023366230791051,0,0,1,1,0,0,0,1,1,0,0
2,-0.8479836170867172,0,0,-0.45440436057664124,0,0,1,1,0,0,0,1,1,0,0
3,0.028022513484843702,0,0,-0.510569233716263,0,0,0,1,0,0,1,0,0,0,0
3,-0.13125132843725829,1,0,-0.5338838774812369,1,0,1,1,0,0,0,0,1,0,0
3,-0.44979901228146224,0,0,-0.5131790964990501,0,0,1,1,0,0,0,1,1,0,0
3,-1.6443528266972272,1,1,-0.3615566334810524,0,0,0,1,0,0,0,0,0,0,0
3,-0.05161440747620729,1,0,-0.5219829814484823,0,0,1,1,0,0,0,1,1,0,0
1,2.0189455375111187,0,0,1.9937271428517493,0,0,0,0,0,0,0,0,0,1,0
3,0.5058440392511496,0,0,-0.47396854935315713,0,0,1,1,0,0,0,1,1,0,0
3,-0.13125132843725829,0,0,-0.5023366230791051,1,0,0,1,0,0,0,1,0,0,0
3,-0.05161440747620729,0,0,-0.5047821466761696,0,0,1,1,0,0,0,1,1,0,0
1,1.2225763279006086,0,1,0.5022844705949837,0,0,0,1,0,0,0,0,0,1,0
1,-0.13125132843725829,0,0,-0.15262674869888426,1,0,1,1,0,0,0,1,1,0,0
3,-0.13125132843725829,0,0,-0.507716774992647,1,0,1,1,0,0,0,1,1,0,0
2,2.5764039842384756,0,0,-0.45440436057664124,0,0,1,1,0,0,0,1,1,0,0
3,-0.13125132843725829,0,0,-0.5184770788197306,1,0,1,1,0,0,0,0,1,0,0
2,-0.21088824939830927,1,0,-0.24898037842322485,0,0,0,1,0,0,0,1,0,1,0
3,-0.7683466961256662,0,0,-0.49035355745348913,0,0,1,1,0,0,0,1,1,0,0
1,-1.0868943799698703,0,1,0.11100069506466674,0,0,0,0,1,0,0,1,0,0,0
1,0.028022513484843702,0,0,0.23034224660141345,0,0,1,1,0,0,0,1,1,0,0
1,0.6651178811732517,0,0,3.7915137086467112,0,0,0,0,0,0,0,0,0,0,0
3,-0.7683466961256662,1,0,-0.5047821466761696,0,0,1,1,0,0,0,1,1,0,0
1,0.5058440392511496,1,0,0.8828079422982169,0,0,1,0,0,0,0,1,1,0,0
3,-0.8878020775672427,0,0,-0.5173364866140597,0,0,0,1,0,0,1,0,0,0,0
2,-0.8479836170867172,0,0,-0.40549388863535163,0,0,1,1,0,0,0,1,1,0,0
2,-0.44979901228146224,1,1,0.06412881159389006,0,0,0,1,0,0,0,0,0,1,0
3,-0.44979901228146224,0,0,-0.5061672912415469,0,0,1,1,0,0,0,1,1,0,0
3,0.6651178811732517,1,5,-0.045757367507166476,0,0,0,1,0,0,0,1,0,1,0
3,-0.7683466961256662,0,0,-0.5061672912415469,0,0,1,1,0,0,0,1,1,0,0
3,-2.3345421295903677,0,2,-0.3781040243482295,0,0,1,1,0,0,0,1,0,0,1
2,-0.3701620913204113,0,0,-0.40549388863535163,0,0,1,1,0,0,0,1,1,0,0
1,0.5058440392511496,0,2,0.7292290604025676,0,0,0,0,1,0,0,1,0,0,0
2,-0.3701620913204113,0,0,-0.45440436057664124,0,0,1,1,0,0,0,1,1,0,0
3,-0.13125132843725829,0,0,-0.5053534209884438,0,0,1,1,0,0,0,1,1,0,0
3,-1.0868943799698703,0,0,-0.5085326016646277,0,0,0,1,0,0,1,0,0,0,0
2,0.9836655650174556,1,1,-0.023992207493292582,0,0,1,1,0,0,0,1,1,0,0
3,-0.13125132843725829,0,0,-0.5082058797120599,1,0,0,1,0,0,1,0,0,0,0
1,2.4967670632774244,1,3,4.473325687508288,0,0,1,0,1,0,0,0,1,0,0
3,1.2225763279006086,0,0,-0.5023366230791051,0,0,1,1,0,0,0,1,1,0,0
1,1.2225763279006086,1,1,2.565654899031148,0,0,0,1,0,0,0,1,0,1,0
3,1.4614870907837616,1,3,0.012690646462674635,0,0,0,1,0,0,0,1,0,1,0
1,-0.5294359332425133,3,2,4.48555330549361,0,0,0,0,0,0,0,1,0,0,0
3,-0.13125132843725829,0,0,-0.5183949092268694,1,0,1,1,0,0,0,0,0,0,1
1,-1.325805142853023,2,2,4.473325687508288,0,0,1,0,1,0,0,0,0,0,1
2,1.6207609327058636,0,1,-0.1511594345406456,0,0,0,1,0,0,0,1,0,1,0
1,0.7447548021343027,1,0,0.43380980987717827,0,0,0,0,1,0,0,1,0,1,0
3,0.9040286440564046,0,2,-0.2643871770847311,0,0,0,1,0,0,0,1,0,1,0
3,-1.7239897476582782,3,1,-0.24751306426498618,0,0,0,1,0,0,0,1,0,0,0
1,-0.44979901228146224,1,0,0.9496529060909387,0,0,1,0,1,0,0,1,1,0,0
3,-0.13125132843725829,0,0,-0.5053534209884438,1,0,1,1,0,0,0,1,1,0,0
2,-0.5294359332425133,1,0,-0.45440436057664124,0,0,1,1,0,0,0,1,1,0,0
1,-0.6090728542035643,0,2,0.30859900170747684,0,0,0,0,1,0,0,0,0,0,0
2,-2.2880819499016907,1,2,-0.11692210418174287,0,0,0,1,0,0,0,1,0,0,0
3,-0.13125132843725829,0,0,0.44546615355022645,1,0,1,1,0,0,0,1,1,0,0
3,-0.13125132843725829,0,0,0.44546615355022645,1,0,1,1,0,0,0,1,1,0,0
1,-0.44979901228146224,0,1,4.182715314584167,0,0,1,0,1,0,0,0,1,0,0
3,-0.6090728542035643,0,0,-0.5053534209884438,0,0,1,1,0,0,0,1,1,0,0
2,-2.294723669109842,1,1,-0.2929998031703855,0,0,1,1,0,0,0,1,0,0,1
3,-0.29052517035936026,0,0,-0.2922661460912661,0,0,1,1,0,0,0,0,1,0,0
3,-0.13125132843725829,0,0,-0.5082058797120599,1,0,0,1,0,0,1,0,0,0,1
3,-1.0072574590088192,0,0,-0.49035355745348913,0,0,1,1,0,0,0,1,1,0,0
3,-0.13125132843725829,0,0,-0.5023366230791051,1,0,1,1,0,0,0,1,1,0,0
2,2.4171301423163736,1,1,0.10317501955406043,0,0,1,1,0,0,0,1,1,0,0
2,-0.29052517035936026,0,0,-0.40549388863535163,0,0,1,0,1,0,0,1,1,0,0
3,-0.9276205380477682,1,1,-0.2643871770847311,0,0,1,1,0,0,0,1,1,0,0
3,-0.29052517035936026,1,1,-0.22892708492729613,0,0,0,1,0,0,0,1,0,1,0
2,-0.44979901228146224,1,0,-0.1511594345406456,0,0,0,1,0,0,0,1,0,1,0
1,-0.21088824939830927,1,1,4.182715314584167,0,0,0,0,1,0,0,0,0,1,0
3,-0.13125132843725829,2,0,-0.20496095367606418,1,0,1,1,0,0,1,0,1,0,0
3,-0.13125132843725829,0,0,-0.5183949092268694,1,0,1,1,0,0,0,0,1,0,0
3,-0.6887097751646152,0,0,-0.5023366230791051,0,0,1,1,0,0,0,1,1,0,0
1,-0.13125132843725829,0,0,-0.07877193606753698,1,0,1,0,0,0,0,0,1,0,0
3,-0.7683466961256662,0,0,-0.5061672912415469,0,0,1,1,0,0,0,1,1,0,0
1,0.42620711829009866,0,0,9.363476841791286,0,0,1,0,1,0,0,0,1,0,0
3,-0.13125132843725829,0,0,-0.47396854935315713,0,0,1,1,0,0,0,1,1,0,0
2,-0.13125132843725829,0,1,-0.014210113105034658,0,0,1,1,0,0,0,1,0,0,1
2,-0.05161440747620729,0,0,-0.3887019454084681,0,0,1,1,0,0,0,0,1,0,0
3,-0.13125132843725829,0,0,-0.37614760547057785,1,0,1,1,0,0,0,1,1,0,0
3,-0.29052517035936026,2,0,-0.49035355745348913,0,0,1,1,0,0,0,1,1,0,0
3,-2.042537431502482,3,2,-0.11398747586526552,0,0,1,1,0,0,0,1,0,0,1
1,0.9040286440564046,1,0,0.3548193976919955,0,0,1,0,1,0,0,1,1,0,0
3,-0.13125132843725829,0,0,-0.512118717467363,1,0,1,1,0,0,0,1,1,0,0
1,3.2134993519268833,1,1,0.7292290604025676,0,0,1,0,1,0,0,1,0,0,1
1,2.0985824584721695,0,0,-0.05928991688388251,0,0,1,0,1,0,0,0,1,0,0
1,0.5854809602122006,1,1,0.9670963368040801,0,0,1,0,1,0,0,0,1,0,0
3,2.4569486027968988,0,0,-0.3770436453165423,0,1,1,1,0,0,0,1,1,0,0
2,-0.05161440747620729,1,0,-0.1511594345406456,0,0,0,1,0,0,0,1,0,1,0
3,-2.281448194385635,1,1,-0.4420143598244738,0,0,0,1,0,0,0,1,0,0,0
3,-0.13125132843725829,1,2,-0.20104811592076102,1,0,1,1,0,0,0,1,0,0,1
3,0.2669332763679967,0,0,-0.5061672912415469,0,0,1,1,0,0,0,1,1,0,0
2,0.1076594344458947,0,0,-0.24898037842322485,0,0,0,1,0,0,0,1,0,1,0
3,-0.13125132843725829,0,0,-0.5082058797120599,1,0,1,1,0,0,1,0,1,0,0
3,-0.13125132843725829,0,0,-0.5082058797120599,1,0,1,0,1,0,1,0,1,0,0
1,0.2669332763679967,0,0,2.3051244663509194,0,0,0,1,0,0,0,1,0,0,0
2,-1.325805142853023,0,1,-0.2783266615879986,0,0,0,1,0,0,0,1,0,0,0
2,-2.042537431502482,1,1,-0.20985200087019315,0,0,0,1,0,0,0,1,0,0,0
2,0.028022513484843702,1,0,-0.3887019454084681,0,0,0,1,0,0,0,0,0,0,0
3,-0.13125132843725829,0,0,-0.5086949844314728,1,0,1,1,0,0,1,0,1,0,0
3,-0.6090728542035643,0,0,-0.5086949844314728,0,0,0,1,0,0,1,0,0,0,0
3,-0.13125132843725829,0,0,-0.505678186522134,1,0,1,1,0,0,1,0,1,0,0
1,0.028022513484843702,0,0,0.4539452729659684,0,0,0,0,1,0,0,0,0,0,0
2,-2.201811273424584,1,1,-0.1511594345406456,0,0,0,1,0,0,0,1,0,0,0
1,1.5411240117448126,1,1,1.5095134706329822,0,0,1,0,0,0,0,0,1,0,0
1,0.42620711829009866,0,0,-0.14553473026739727,0,0,1,0,1,0,0,1,1,0,0
2,-2.201811273424584,1,1,-0.20985200087019315,0,0,1,1,0,0,0,1,0,0,1
2,0.9836655650174556,1,0,-0.1511594345406456,0,0,0,1,0,0,0,1,0,1,0
1,-2.201811273424584,1,2,2.3051244663509194,0,0,0,0,0,0,0,1,0,0,0
2,-0.9276205380477682,0,0,-0.40549388863535163,0,0,1,1,0,0,0,1,1,0,0
3,-0.13125132843725829,0,0,-0.5023366230791051,1,0,1,1,0,0,0,1,1,0,0
2,-0.13125132843725829,0,0,-0.1511594345406456,0,0,1,1,0,0,0,1,1,0,0
2,-0.3701620913204113,0,0,-0.40549388863535163,0,0,1,1,0,0,0,1,1,0,0
3,-0.44979901228146224,0,0,-0.5201067757448145,0,0,1,1,0,0,0,1,1,0,0
1,0.028022513484843702,0,0,1.4222904478106415,0,0,0,1,0,0,0,0,0,0,0
3,-0.13125132843725829,0,0,-0.5023366230791051,1,0,1,1,0,0,0,1,1,0,0
3,-0.13125132843725829,0,0,-0.505678186522134,1,0,0,1,0,0,1,0,0,0,0
3,-2.301357424625898,2,1,-0.28305532601528255,0,0,0,1,0,0,0,0,0,0,0
3,0.2669332763679967,0,0,-0.49051594022033423,0,0,1,1,0,0,0,1,1,0,0
3,-0.29052517035936026,1,0,-0.3770436453165423,0,0,1,1,0,0,0,0,1,0,0
3,-2.042537431502482,4,1,-0.09002134461403358,0,0,1,1,0,0,1,0,0,0,1
2,-0.7683466961256662,0,0,-0.3886197758156067,0,0,1,0,1,0,0,0,1,0,0
3,0.028022513484843702,1,1,-0.18735318377719995,0,0,0,1,0,0,0,1,0,1,0
2,-0.9276205380477682,0,1,-0.20985200087019315,0,0,0,1,0,0,0,1,0,0,0
3,0.1872963554069457,0,0,-0.5061672912415469,0,0,1,1,0,0,0,1,1,0,0
1,0.1872963554069457,0,0,-0.06312058504632428,0,0,1,0,1,0,0,0,0,0,1
1,0.1076594344458947,0,0,0.3280810208911314,0,0,1,0,1,0,0,1,1,0,0
3,-0.3701620913204113,0,0,-0.6598283427300576,0,0,1,1,0,0,0,1,1,0,0
3,0.9836655650174556,0,1,-0.4954069874144632,0,0,1,1,0,0,0,1,1,0,0
1,0.028022513484843702,0,0,-0.11692210418174287,0,0,1,0,0,0,0,0,1,0,0
3,-0.13125132843725829,0,0,-0.5183949092268694,1,0,1,1,0,0,0,0,1,0,0
3,-0.25070670987883475,0,0,-0.5184770788197306,0,0,1,1,0,0,0,0,1,0,0
3,0.9040286440564046,0,0,-0.5062494608344082,0,0,1,1,0,0,0,1,1,0,0
3,-0.13125132843725829,0,0,-0.5228790212944467,1,0,1,1,0,0,0,1,1,0,0
3,0.1872963554069457,0,0,-0.5053534209884438,0,0,1,1,0,0,0,1,1,0,0
3,-2.281448194385635,0,2,-0.3518547522667781,0,0,0,1,0,0,0,0,0,0,0
3,-0.13125132843725829,1,1,-0.3615566334810524,1,0,1,1,0,0,0,0,0,0,1
2,-0.8878020775672427,0,0,-0.40549388863535163,0,0,1,0,1,0,0,1,1,0,0
3,-0.7683466961256662,0,0,-0.5047821466761696,0,0,1,1,0,0,0,1,1,0,0
3,-0.44979901228146224,0,0,-0.48668527205789236,0,0,0,1,0,0,0,1,0,0,0
2,1.7800347746279654,0,0,-0.3957117942470937,0,0,1,1,0,0,0,1,1,0,0
3,0.1872963554069457,1,0,-0.34973595062228147,0,0,1,1,0,0,0,1,1,0,0
3,-0.6887097751646152,0,0,-0.5179879741003177,0,0,1,1,0,0,0,1,1,0,0
2,-0.13125132843725829,0,0,-0.6598283427300576,1,0,1,1,0,0,0,1,1,0,0
1,1.3022132488616596,0,0,0.8122144799359148,0,0,1,0,0,0,0,0,1,0,0
1,2.5764039842384756,0,0,-0.14039913071356186,0,0,1,0,0,0,0,1,1,0,0
1,0.2669332763679967,1,0,0.3790300813029339,0,0,0,0,1,0,0,1,0,1,0
2,-0.6090728542035643,1,2,0.15363497524645012,0,0,0,1,0,0,0,0,0,1,0
3,-0.9276205380477682,0,0,-0.4974455758849761,0,0,1,1,0,0,0,1,1,0,0
3,0.1076594344458947,0,0,-0.507716774992647,0,0,1,1,0,0,0,1,1,0,0
1,-0.5294359332425133,1,0,0.9496529060909387,0,0,0,0,1,0,0,1,0,1,0
3,-0.13125132843725829,0,0,-0.5183949092268694,1,0,1,1,0,0,0,0,1,0,0
2,-0.13125132843725829,0,0,-0.6598283427300576,1,0,1,1,0,0,0,1,1,0,0
1,0.6651178811732517,1,0,1.1009486471563688,0,0,1,0,0,0,0,1,1,0,0
3,-1.0868943799698703,0,0,-0.47396854935315713,0,0,1,1,0,0,0,1,1,0,0
3,-0.13125132843725829,0,0,-0.5053534209884438,1,0,1,1,0,0,0,0,1,0,0
2,0.5058440392511496,1,2,-0.11692210418174287,0,0,1,1,0,0,0,1,1,0,0
3,-0.6090728542035643,0,0,-0.5179879741003177,0,0,0,1,0,0,0,1,0,0,0
3,-0.13125132843725829,0,0,-0.5184770788197306,1,0,0,1,0,0,0,0,0,1,0
3,-0.13125132843725829,8,2,0.7008609866766196,1,0,0,1,0,0,0,1,0,0,0
3,-0.13125132843725829,0,0,-0.5179879741003177,1,0,1,1,0,0,0,1,1,0,0
3,-0.6090728542035643,0,0,-0.483750643741415,0,0,1,1,0,0,0,1,1,0,0
1,1.7003978536669144,0,1,0.11100069506466674,0,0,0,0,1,0,0,1,0,1,0
1,-0.13125132843725829,0,0,0.11491353281996997,1,0,1,1,0,0,0,0,0,0,1
3,-0.44979901228146224,0,0,-0.512118717467363,0,0,1,1,0,0,0,1,1,0,0
3,0.6651178811732517,0,0,-0.5219008118556209,0,0,1,1,0,0,0,1,1,0,0
3,0.1076594344458947,0,0,-0.5082058797120599,0,0,1,1,0,0,1,0,1,0,0
3,-0.13125132843725829,0,2,-0.3615566334810524,1,0,0,1,0,0,0,0,0,1,0
1,1.7003978536669144,0,1,0.5410059130214638,0,0,1,1,0,0,0,0,1,0,0
1,-0.5294359332425133,1,0,1.5563051409297752,0,0,0,0,1,0,0,0,0,0,0
3,-0.3701620913204113,1,0,-0.507716774992647,0,0,1,1,0,0,0,1,1,0,0
3,0.8243917230953536,0,0,-0.5053534209884438,0,0,1,1,0,0,0,1,1,0,0
3,0.8243917230953536,1,5,-0.045757367507166476,0,0,1,1,0,0,0,1,1,0,0
2,0.42620711829009866,0,0,-0.24898037842322485,0,0,0,1,0,0,0,1,0,0,0
3,-0.9276205380477682,0,0,-0.5131790964990501,0,0,0,1,0,0,0,1,0,0,0
1,0.8243917230953536,0,0,2.342540977386006,0,0,0,0,0,0,0,1,0,0,0
1,0.5058440392511496,0,0,0.8122144799359148,0,0,1,0,0,0,0,0,1,0,0
1,-0.44979901228146224,0,0,0.6959699394824906,0,0,0,0,1,0,0,0,0,0,1
1,1.2225763279006086,0,0,0.03470035883625496,0,0,1,0,1,0,0,1,1,0,0
3,-0.9276205380477682,2,0,-0.3076729447527724,0,0,0,1,0,0,0,1,0,0,0
3,-0.7683466961256662,0,0,-0.5061672912415469,0,0,0,1,0,0,0,1,0,0,0
1,0.028022513484843702,0,0,1.1694233078741743,0,0,0,0,1,0,0,1,0,0,0
2,0.1872963554069457,0,0,-0.45440436057664124,0,0,1,1,0,0,0,1,1,0,0
3,-2.201811273424584,1,1,-0.2643871770847311,0,0,0,1,0,0,0,1,0,0,0
3,0.1872963554069457,0,0,0.44546615355022645,0,0,1,1,0,0,0,1,1,0,0
1,1.4614870907837616,1,3,4.473325687508288,0,0,0,0,1,0,0,0,0,1,0
3,-0.13125132843725829,0,0,-0.47396854935315713,0,0,1,1,0,0,0,1,1,0,0
3,-0.13125132843725829,0,0,-0.5085326016646277,1,0,0,1,0,0,1,0,0,0,0
3,0.7447548021343027,1,5,-0.04795833874452453,0,0,1,1,0,0,0,1,1,0,0
3,-0.8479836170867172,0,0,-0.5053534209884438,0,0,1,1,0,0,0,1,1,0,0
3,-1.0868943799698703,0,0,-0.5023366230791051,0,0,1,1,0,0,0,1,1,0,0
2,-0.6887097751646152,0,0,-0.45440436057664124,0,0,0,1,0,0,0,1,0,0,0
1,2.0985824584721695,0,0,0.03470035883625496,0,0,1,0,1,0,0,0,0,0,1
2,-0.13125132843725829,0,0,-0.6598283427300576,1,0,1,1,0,0,0,1,1,0,0
3,-0.44979901228146224,0,0,-0.4773922823890474,0,0,1,1,0,0,0,1,1,0,0
1,0.7447548021343027,0,0,-0.07877193606753698,0,0,1,0,1,0,0,0,1,0,0
3,0.1872963554069457,0,0,-0.5115474431550887,0,0,1,1,0,0,0,1,1,0,0
3,-0.21088824939830927,1,0,-0.5047821466761696,0,0,0,1,0,0,0,1,0,0,0
3,-0.29052517035936026,1,2,-0.2572951586532441,0,0,1,1,0,0,0,1,1,0,0
3,-1.246168221891972,4,1,0.11662539933791508,0,0,1,1,0,0,0,1,1,0,0
3,-0.13125132843725829,0,0,-0.5082058797120599,1,0,0,1,0,0,1,0,0,0,0
1,-0.6887097751646152,0,0,-0.14039913071356186,0,0,0,1,0,0,0,1,0,0,0
3,-0.5294359332425133,0,0,-0.5023366230791051,0,0,0,1,0,0,0,1,0,0,0
3,-0.13125132843725829,0,0,-0.5053534209884438,1,0,1,1,0,0,0,1,1,0,0
3,-0.13125132843725829,0,0,-0.5084504320717663,1,0,0,1,0,0,1,0,0,0,0
3,-0.13125132843725829,0,0,-0.47396854935315713,1,0,1,1,0,0,0,1,1,0,0
1,-1.4850789847751251,1,2,1.687874310451844,0,0,1,0,1,0,0,1,0,0,1
3,0.34657019732904765,1,1,-0.3781040243482295,0,0,1,1,0,0,0,1,1,0,0
3,0.028022513484843702,1,0,-0.3448449034281525,0,0,1,1,0,0,0,1,1,0,0
3,-0.13125132843725829,8,2,0.7008609866766196,1,0,1,1,0,0,0,1,1,0,0
2,2.4967670632774244,0,0,-0.4182106113400869,0,0,1,1,0,0,1,0,1,0,0
3,-0.13125132843725829,0,0,-0.5183949092268694,1,0,1,1,0,0,0,0,1,0,0
2,1.2225763279006086,0,0,-0.3957117942470937,0,0,0,1,0,0,0,1,0,1,0
3,-0.44979901228146224,0,2,-0.333106390162243,0,0,0,0,1,0,0,1,0,1,0
3,-0.29052517035936026,1,0,-0.3448449034281525,0,0,0,1,0,0,0,1,0,1,0
2,-0.13125132843725829,0,0,-0.355033932942962,1,0,1,1,0,0,0,0,1,0,0
3,-0.6887097751646152,2,0,-0.18735318377719995,0,0,1,1,0,0,0,1,1,0,0
3,-1.0868943799698703,0,0,-0.507716774992647,0,0,1,1,0,0,0,1,1,0,0
3,-0.6090728542035643,0,0,-0.507716774992647,0,0,0,1,0,0,0,1,0,0,0
3,-0.13125132843725829,0,0,-0.5053534209884438,1,0,1,1,0,0,0,0,1,0,0
2,1.9393086165500675,1,0,-0.1511594345406456,0,0,1,1,0,0,0,1,0,0,1
3,-0.5294359332425133,1,0,-0.3878861187364874,0,0,1,1,0,0,0,1,1,0,0
3,-0.13125132843725829,1,2,-0.20104811592076102,1,0,0,1,0,0,0,1,0,0,0
3,-0.13125132843725829,1,0,-0.5082058797120599,1,0,1,1,0,0,1,0,1,0,0
1,1.1429394069395575,2,0,1.1009486471563688,0,0,1,0,0,0,1,0,0,0,1
1,2.0189455375111187,2,0,-0.15702869117360038,0,0,0,0,0,0,0,1,0,1,0
1,-0.6887097751646152,0,0,0.8653625551661978,0,0,0,0,1,0,0,1,0,0,0
2,-2.281448194385635,0,2,0.06412881159389006,0,0,1,1,0,0,0,0,0,0,1
3,-0.13125132843725829,0,0,-0.5082058797120599,1,0,1,1,0,0,1,0,1,0,0
1,1.4614870907837616,1,0,0.8413162107409823,0,0,1,0,1,0,0,0,1,0,0
1,-0.13125132843725829,0,0,0.024918264447997038,1,0,1,0,0,0,0,1,1,0,0
3,-0.7683466961256662,0,0,-0.5184770788197306,0,0,1,1,0,0,0,0,1,0,0
2,0.2669332763679967,0,0,-0.41967792549832567,0,0,1,1,0,0,0,1,1,0,0
1,-0.3701620913204113,1,0,0.42484354216090103,0,0,0,0,1,0,0,0,0,1,0
3,-0.13125132843725829,0,0,-0.507716774992647,0,0,0,1,0,0,0,1,0,0,0
3,0.028022513484843702,0,0,-0.5053534209884438,0,0,1,1,0,0,0,1,1,0,0
2,-0.13125132843725829,0,0,-0.40549388863535163,0,0,0,1,0,0,0,1,0,0,1
3,-0.29052517035936026,0,0,-0.5053534209884438,0,0,1,1,0,0,0,1,1,0,0
3,-0.13125132843725829,0,0,-0.512118717467363,1,0,1,1,0,0,0,1,1,0,0
1,2.7356778261605776,1,1,-0.14039913071356186,0,0,0,0,1,0,0,1,0,1,0
1,2.0189455375111187,1,1,1.1694233078741743,0,0,1,0,1,0,0,1,1,0,0
3,-0.13125132843725829,0,0,-0.5082058797120599,1,0,1,1,0,0,1,0,1,0,0
3,-0.21088824939830927,0,1,-0.41576508774302245,0,0,0,0,1,0,0,1,0,1,0
3,-0.3701620913204113,0,0,-0.47396854935315713,0,0,1,1,0,0,0,1,1,0,0
1,0.42620711829009866,1,0,0.3790300813029339,0,0,0,0,0,0,0,1,0,1,0
3,-0.13125132843725829,0,0,-0.5023366230791051,1,0,1,1,0,0,0,1,1,0,0
2,-0.5294359332425133,0,0,-0.40549388863535163,0,0,1,1,0,0,0,1,1,0,0
1,0.8243917230953536,0,0,-0.6598283427300576,0,0,1,0,1,0,0,1,1,0,0
3,-0.44979901228146224,0,0,-0.5023366230791051,0,0,1,1,0,0,0,1,1,0,0
2,0.6651178811732517,1,0,-0.24898037842322485,0,0,1,1,0,0,0,1,1,0,0
3,-0.13125132843725829,0,0,-0.5179879741003177,0,0,1,1,0,0,0,1,1,0,0
3,-0.6090728542035643,0,0,-0.467365635641083,0,0,0,1,0,0,0,1,0,0,0
3,-0.13125132843725829,1,0,-0.356583416694062,1,0,1,1,0,0,1,0,1,0,0
3,0.42620711829009866,0,0,-0.5053534209884438,0,0,1,1,0,0,0,1,1,0,0
3,-0.13125132843725829,0,0,-0.5082058797120599,1,0,0,1,0,0,1,0,0,0,0
3,-1.405442063814074,1,0,-0.43989360176109943,0,0,1,1,0,0,0,0,0,0,1
2,0.8243917230953536,1,1,0.10317501955406043,0,0,0,1,0,0,0,1,0,1,0
1,1.9393086165500675,1,1,0.9416628913946097,0,0,0,0,1,0,0,1,0,1,0
1,-0.13125132843725829,0,0,-0.14039913071356186,1,0,1,1,0,0,0,1,1,0,0
2,0.5058440392511496,0,0,-0.40793941223241614,0,0,1,0,1,0,0,0,1,0,0
1,-0.3701620913204113,1,0,0.42484354216090103,0,0,1,0,1,0,0,0,1,0,0
3,0.8243917230953536,0,0,-0.5184770788197306,0,0,1,1,0,0,0,0,1,0,0
1,2.0189455375111187,0,0,0.3183810960957348,0,0,1,0,0,0,0,1,1,0,0
2,-0.8479836170867172,0,0,-0.45440436057664124,0,0,1,1,0,0,0,1,1,0,0
3,-0.5294359332425133,0,0,-0.5061672912415469,0,0,1,1,0,0,0,1,1,0,0
3,-0.6090728542035643,0,0,-0.5184770788197306,0,0,1,1,0,0,0,0,1,0,0
3,-0.6090728542035643,1,1,-0.41943337313861917,0,0,0,1,0,0,0,1,0,1,0
3,1.0633024859785065,0,0,-0.5023366230791051,0,0,1,1,0,0,0,1,1,0,0
1,-0.6090728542035643,0,0,1.9937271428517493,0,0,1,1,0,0,0,0,1,0,0
1,-0.09143286795673279,0,0,-0.11749337849401711,0,0,1,0,1,0,0,0,1,0,0
3,-0.6090728542035643,0,0,0.11662539933791508,0,0,0,1,0,0,0,1,0,0,0
3,-0.05161440747620729,0,0,-0.4742952713057249,0,0,1,1,0,0,0,1,1,0,0
3,-0.44979901228146224,2,0,-0.18735318377719995,0,0,1,1,0,0,0,1,1,0,0
3,-0.6887097751646152,0,0,-0.5023366230791051,0,0,1,1,0,0,0,1,1,0,0
2,0.028022513484843702,1,0,-0.24898037842322485,0,0,1,1,0,0,0,1,1,0,0
1,1.3022132488616596,1,0,0.5370109056732993,0,0,1,0,1,0,0,1,1,0,0
1,-1.1665313009309213,0,1,3.4748184028268607,0,0,0,0,1,0,0,1,0,0,0
1,-0.13125132843725829,0,0,0.11491353281996997,1,0,1,1,0,0,0,1,1,0,0
1,1.5411240117448126,0,0,-0.1525445791060229,0,0,0,0,1,0,0,1,0,0,1
3,-0.6887097751646152,0,0,-0.5085326016646277,0,0,1,1,0,0,1,0,1,0,0
2,-0.05161440747620729,0,0,-0.45440436057664124,0,0,0,0,1,0,0,1,0,1,0
3,-0.9276205380477682,0,0,-0.5023366230791051,0,0,0,1,0,0,0,1,0,0,0
3,0.5854809602122006,0,0,-0.472256682835212,0,0,0,1,0,0,0,1,0,0,0
2,0.8243917230953536,0,0,-0.35169236949993304,0,0,0,1,0,0,0,1,0,1,0
2,-0.13125132843725829,0,0,-0.24898037842322485,1,0,0,1,0,0,0,1,0,1,0
3,-0.13125132843725829,1,0,-0.3448449034281525,1,0,1,1,0,0,0,1,1,0,0
3,-0.13125132843725829,0,0,-0.5053534209884438,1,0,1,1,0,0,0,1,1,0,0
2,-0.9276205380477682,0,0,-0.4348401718001254,0,0,1,1,0,0,0,1,1,0,0
1,1.6207609327058636,1,0,0.43380980987717827,0,0,1,0,1,0,0,1,1,0,0
1,2.6560409051995264,1,0,0.8653625551661978,0,0,0,0,1,0,0,1,0,0,0
1,2.0985824584721695,0,0,-0.14039913071356186,0,0,1,1,0,0,0,1,1,0,0
1,0.9040286440564046,0,0,-0.06312058504632428,0,0,1,0,1,0,0,1,1,0,0
3,0.2669332763679967,0,0,-0.47396854935315713,0,0,1,1,0,0,0,1,1,0,0
2,0.028022513484843702,3,0,-0.24898037842322485,0,0,0,1,0,0,0,1,0,1,0
1,-0.13125132843725829,0,0,-0.14039913071356186,1,0,1,0,1,0,0,1,1,0,0
3,-0.8479836170867172,1,0,-0.5061672912415469,0,0,0,1,0,0,0,1,0,0,0
1,0.5058440392511496,0,0,-0.04005049364105676,0,0,0,0,1,0,0,0,0,0,0
3,0.7447548021343027,0,0,-0.5047821466761696,0,0,1,1,0,0,0,1,1,0,0
2,0.34657019732904765,0,0,-0.45440436057664124,0,0,0,0,1,0,0,1,0,1,0
3,-0.21088824939830927,0,2,-0.4420143598244738,0,0,0,1,0,0,0,1,0,1,0
1,0.5854809602122006,1,1,0.3683519470687116,0,0,1,0,1,0,0,1,1,0,0
1,0.2669332763679967,0,0,-0.11749337849401711,0,0,0,0,1,0,0,0,0,0,0
1,2.2578563003942715,0,1,9.363476841791286,0,0,0,0,1,0,0,0,0,1,0
1,0.9836655650174556,1,0,0.35750947364876645,0,0,1,1,0,0,0,1,1,0,0
3,-1.246168221891972,5,2,0.2577321108885356,0,0,1,1,0,0,0,1,1,0,0
3,-0.05161440747620729,0,0,-0.5082058797120599,0,0,1,1,0,0,1,0,1,0,0
3,0.9040286440564046,2,0,-0.3838108982143391,0,0,1,1,0,0,0,1,1,0,0
1,1.3818501698227106,0,0,0.0057610107980327445,0,0,1,0,1,0,0,1,1,0,0
1,1.6207609327058636,0,0,-0.1511594345406456,0,0,1,0,1,0,0,1,1,0,0
3,1.4614870907837616,0,0,-0.5061672912415469,0,0,1,1,0,0,0,1,1,0,0
3,-0.13125132843725829,0,0,-0.5053534209884438,1,0,1,1,0,0,0,1,1,0,0
3,-0.21088824939830927,0,0,-0.49035355745348913,0,0,1,1,0,0,0,1,1,0,0
3,-0.21088824939830927,0,0,-0.505678186522134,0,0,0,1,0,0,1,0,0,0,0
3,-0.7683466961256662,1,0,-0.46761018800078946,0,0,0,1,0,0,0,1,0,0,0
3,-0.05161440747620729,1,1,-0.4551380176557606,0,0,0,0,1,0,0,1,0,1,0
1,2.0189455375111187,0,0,-0.06312058504632428,0,0,1,0,0,0,0,1,1,0,0
2,-0.8479836170867172,0,0,-0.40549388863535163,0,0,0,1,0,0,0,1,0,0,0
1,1.9393086165500675,0,1,0.8522388973349109,0,0,1,0,1,0,0,1,1,0,0
1,2.7356778261605776,0,0,-0.1511594345406456,0,0,1,1,0,0,0,1,1,0,0
3,-0.13125132843725829,0,0,-0.512118717467363,1,0,1,1,0,0,0,1,1,0,0
1,-0.9276205380477682,0,2,0.8984592933194298,0,0,0,0,1,0,0,1,0,0,0
2,0.1076594344458947,1,1,-0.14626838734651665,0,0,1,1,0,0,0,1,1,0,0
1,0.42620711829009866,1,0,1.1009486471563688,0,0,0,0,0,0,0,1,0,1,0
2,-0.44979901228146224,0,0,-0.3957117942470937,0,0,1,1,0,0,0,1,1,0,0
3,-0.5294359332425133,0,0,-0.5061672912415469,0,0,0,1,0,0,0,1,0,0,0
3,-0.44979901228146224,0,0,-0.5219008118556209,0,0,1,1,0,0,0,1,1,0,0
1,-0.44979901228146224,0,0,0.6959699394824906,0,0,0,0,1,0,0,0,0,0,1
2,0.7447548021343027,0,0,-0.40549388863535163,0,0,1,1,0,0,0,1,1,0,0
3,-0.13125132843725829,0,0,-0.5082058797120599,1,0,1,1,0,0,1,0,1,0,0
1,1.2225763279006086,0,0,-0.07877193606753698,0,0,1,0,1,0,0,0,1,0,0
1,-0.21088824939830927,1,2,0.35750947364876645,0,0,0,0,1,0,0,1,0,1,0
3,0.1872963554069457,0,0,-0.5047821466761696,0,0,1,1,0,0,0,1,1,0,0
2,-0.6090728542035643,0,0,-0.45440436057664124,0,0,0,0,1,0,0,1,0,1,0
2,-0.05161440747620729,1,0,-0.1511594345406456,0,0,1,1,0,0,0,1,1,0,0
1,0.028022513484843702,0,0,-0.053338490658066354,0,0,0,1,0,0,0,0,0,0,0
3,-0.8479836170867172,0,0,-0.5002178214346084,0,0,1,1,0,0,0,1,1,0,0
1,2.4171301423163736,1,0,0.81237686270276,0,0,0,0,1,0,0,0,0,1,0
3,-0.13125132843725829,8,2,0.7008609866766196,1,0,1,1,0,0,0,1,0,0,1
2,-0.13125132843725829,0,0,-0.6598283427300576,1,0,1,1,0,0,0,1,1,0,0
3,0.8642101835758791,0,2,-0.37614760547057785,0,0,1,1,0,0,0,1,1,0,0
3,-0.9276205380477682,0,1,-0.3770436453165423,0,0,0,1,0,0,0,0,0,0,0
1,2.3374932213553223,2,0,0.347320444133957,0,0,0,0,0,0,0,1,0,1,0
1,0.5854809602122006,1,0,1.1009486471563688,0,0,0,0,0,0,1,0,0,1,0
3,1.6207609327058636,0,0,-0.5023366230791051,0,0,1,1,0,0,0,1,1,0,0
3,-0.3701620913204113,0,0,-0.5053534209884438,0,0,1,1,0,0,0,1,1,0,0
3,-0.13125132843725829,2,0,-0.20496095367606418,1,0,0,1,0,0,1,0,0,0,0
2,0.1076594344458947,0,0,-0.40549388863535163,0,0,1,1,0,0,0,1,1,0,0
3,-0.13125132843725829,0,0,-0.5082058797120599,1,0,1,1,0,0,1,0,1,0,0
2,-2.1221743524635333,1,1,-0.1511594345406456,0,0,1,0,1,0,0,1,0,0,1
1,2.9745885890437305,1,0,3.6791017927746057,0,0,1,0,0,0,0,1,1,0,0
3,-0.13125132843725829,0,0,-0.5053534209884438,0,0,1,1,0,0,0,1,1,0,0
1,-0.21088824939830927,1,0,2.016145746770759,0,0,1,0,0,0,0,0,1,0,0
2,2.3374932213553223,0,0,-0.3957117942470937,0,0,1,1,0,0,0,1,1,0,0
1,-0.13125132843725829,0,0,-0.14039913071356186,1,0,1,0,0,0,0,1,1,0,0
3,-2.201811273424584,0,1,-0.4551380176557606,0,0,0,0,1,0,0,1,0,0,0
3,-0.5294359332425133,0,0,-0.512118717467363,0,0,0,1,0,0,0,1,0,0,0
2,0.1076594344458947,1,1,0.06412881159389006,0,0,1,1,0,0,0,0,1,0,0
1,2.4171301423163736,1,4,4.48555330549361,0,0,0,0,0,0,0,1,0,1,0
1,-0.13125132843725829,1,0,0.35750947364876645,1,0,0,0,0,0,0,1,0,1,0
1,0.7447548021343027,1,1,0.9670963368040801,0,0,0,0,1,0,0,0,0,0,0
1,1.8596716955890165,0,0,-0.12287353040755902,0,0,0,1,0,0,0,0,0,1,0
3,-0.6090728542035643,1,0,-0.5179879741003177,0,0,1,1,0,0,0,1,1,0,0
3,-0.13125132843725829,0,0,-0.5082058797120599,1,0,1,1,0,0,1,0,1,0,0
3,-0.6887097751646152,0,0,-0.5101622985897114,0,0,0,1,0,0,0,1,0,0,0
2,-0.5294359332425133,0,0,-0.45440436057664124,0,0,1,1,0,0,0,1,1,0,0
2,0.8243917230953536,0,0,-0.40549388863535163,0,0,1,1,0,0,0,1,1,0,0
3,-2.042537431502482,4,2,-0.04795833874452453,0,0,1,1,0,0,0,1,0,0,1
2,0.8243917230953536,0,0,-0.40549388863535163,0,0,0,1,0,0,0,1,0,0,0
3,-0.13125132843725829,0,0,-0.5179879741003177,1,0,1,1,0,0,0,1,1,0,0
3,-0.3701620913204113,0,0,-0.5053534209884438,0,0,1,1,0,0,0,1,1,0,0
2,0.5058440392511496,0,0,-0.40549388863535163,0,0,1,1,0,0,0,1,1,0,0
3,-0.13125132843725829,0,0,-0.5183949092268694,1,0,1,0,1,0,0,0,1,0,0
3,1.2623947883811342,0,0,-0.5184770788197306,0,0,1,1,0,0,0,0,1,0,0
3,0.1872963554069457,0,0,-0.49622281408644386,0,0,1,1,0,0,0,1,1,0,0
1,1.4614870907837616,0,0,-0.1525445791060229,0,0,0,0,1,0,0,1,0,1,0
3,-0.21088824939830927,0,0,-0.5073098398660955,0,0,1,1,0,0,0,1,1,0,0
2,-0.13125132843725829,0,0,-0.3886197758156067,1,0,1,1,0,0,0,0,1,0,0
1,-0.13125132843725829,0,0,0.3548193976919955,1,0,1,0,1,0,0,1,1,0,0
2,-0.8479836170867172,1,0,-0.1511594345406456,0,0,0,1,0,0,0,1,0,1,0
3,-0.3701620913204113,0,0,-0.5219008118556209,0,0,1,1,0,0,0,1,1,0,0
2,0.028022513484843702,0,0,-0.40549388863535163,0,0,1,1,0,0,0,1,1,0,0
1,-0.13125132843725829,0,0,-0.053338490658066354,1,0,1,1,0,0,0,1,1,0,0
3,-0.13125132843725829,0,0,-0.21914499053903821,0,0,1,1,0,0,0,1,1,0,0
2,-0.44979901228146224,2,0,-0.04355639626980843,0,0,1,1,0,0,0,1,1,0,0
3,-0.13125132843725829,0,0,-0.37614760547057785,1,0,0,1,0,0,0,1,0,1,0
3,-1.0868943799698703,5,2,0.2577321108885356,0,0,0,1,0,0,0,1,0,0,0
2,1.5411240117448126,1,2,0.6118439277434725,0,0,1,1,0,0,0,1,1,0,0
1,0.9836655650174556,1,0,0.3683519470687116,0,0,1,0,1,0,0,1,1,0,0
3,0.0678409739653692,0,0,-0.5082058797120599,0,0,0,1,0,0,1,0,0,0,0
3,-0.13125132843725829,0,0,-0.5082058797120599,1,0,0,1,0,0,1,0,0,0,0
2,0.028022513484843702,0,0,-0.40549388863535163,0,0,1,1,0,0,0,1,1,0,0
2,0.028022513484843702,0,0,-0.40549388863535163,0,0,1,1,0,0,0,1,1,0,0
3,-0.13125132843725829,1,2,-0.20104811592076102,1,0,1,1,0,0,0,1,1,0,0
3,-0.7683466961256662,0,0,-0.5183949092268694,0,0,1,1,0,0,0,0,1,0,0
2,-1.1665313009309213,0,2,0.10317501955406043,0,0,0,1,0,0,0,1,0,0,0
2,-0.5294359332425133,2,1,-0.4348401718001254,0,0,1,1,0,0,0,1,1,0,0
1,1.6207609327058636,0,1,4.182715314584167,0,0,0,0,1,0,0,0,0,1,0
3,-2.301357424625898,1,1,-0.3903316423335519,0,0,1,1,0,0,0,1,0,0,1
3,0.5456624997316751,1,0,-0.3194114580186819,0,0,1,1,0,0,0,1,1,0,0
3,0.028022513484843702,0,0,-0.5023366230791051,0,0,1,1,0,0,0,1,1,0,0
2,-0.5294359332425133,0,0,-0.40549388863535163,0,0,1,1,0,0,0,1,1,0,0
3,-2.201811273424584,0,1,-0.41943337313861917,0,0,0,1,0,0,0,1,0,0,0
1,-0.21088824939830927,0,2,3.477997583503044,0,0,1,0,0,0,0,0,1,0,0
3,-0.13125132843725829,1,0,-0.3448449034281525,1,0,0,1,0,0,0,1,0,1,0
2,1.1429394069395575,1,0,-0.1511594345406456,0,0,1,1,0,0,0,1,1,0,0
1,1.5411240117448126,0,0,-0.6598283427300576,0,0,1,0,1,0,0,1,1,0,0
3,0.6651178811732517,0,0,-0.49035355745348913,0,0,1,1,0,0,0,1,1,0,0
3,-0.21088824939830927,0,0,-0.5184770788197306,0,0,1,1,0,0,0,0,1,0,0
1,1.5411240117448126,1,0,1.083423046850366,0,0,1,0,0,0,0,0,1,0,0
3,-0.8479836170867172,0,0,-0.37614760547057785,0,0,1,1,0,0,0,1,1,0,0
3,-0.9276205380477682,0,0,-0.5082058797120599,0,0,1,1,0,0,0,1,1,0,0
1,2.7356778261605776,0,2,0.9670963368040801,0,0,0,0,1,0,0,0,0,1,0
3,-0.3701620913204113,0,0,-0.5101622985897114,0,0,1,0,1,0,0,1,1,0,0
2,-0.29052517035936026,0,0,-0.40549388863535163,0,0,1,1,0,0,0,1,1,0,0
2,0.34657019732904765,0,1,-0.20985200087019315,0,0,0,1,0,0,0,1,0,1,0
3,-0.13125132843725829,0,0,-0.5066563959609598,1,0,1,1,0,0,1,0,1,0,0
2,0.1872963554069457,0,0,-0.40549388863535163,0,0,1,1,0,0,0,1,1,0,0
2,-1.7239897476582782,1,1,0.059155594806899775,0,0,1,1,0,0,0,1,0,0,1
3,-0.8479836170867172,0,0,-0.4608448915218703,0,0,1,1,0,0,0,1,1,0,0
1,1.6207609327058636,2,0,1.9549254872512856,0,0,1,1,0,0,0,1,0,0,1
3,0.8243917230953536,1,4,-0.11398747586526552,0,0,1,1,0,0,0,1,1,0,0
3,-0.3701620913204113,0,0,-0.507716774992647,0,0,0,1,0,0,0,1,0,0,0
1,-1.0072574590088192,1,0,1.4707118150325185,0,0,0,0,0,0,0,0,0,1,0
3,-0.13125132843725829,0,0,-0.48937534801466337,1,0,1,1,0,0,0,0,1,0,0
1,1.3818501698227106,1,1,0.3683519470687116,0,0,0,0,1,0,0,1,0,1,0
3,-0.13125132843725829,8,2,0.7008609866766196,1,0,0,1,0,0,0,1,0,0,0
3,-0.05161440747620729,3,1,-0.22892708492729613,0,0,1,1,0,0,0,1,1,0,0
1,-0.9276205380477682,2,2,4.473325687508288,0,0,0,0,1,0,0,0,0,0,0
1,1.3022132488616596,0,0,0.8896554083699976,0,0,1,1,0,0,0,0,1,0,0
3,-0.13125132843725829,0,0,-0.5082058797120599,1,0,1,1,0,0,1,0,1,0,0
1,1.2225763279006086,0,0,4.473325687508288,0,0,0,1,0,0,0,0,0,0,0
2,0.2669332763679967,1,2,-0.11692210418174287,0,0,0,1,0,0,0,1,0,1,0
3,-0.6090728542035643,0,0,-0.47690317766963447,0,0,1,1,0,0,0,1,1,0,0
2,-0.21088824939830927,0,0,-0.40549388863535163,0,0,1,1,0,0,0,1,0,0,1
3,-2.281448194385635,1,1,-0.42147196160913214,0,0,0,1,0,0,0,1,0,0,0
3,-0.8479836170867172,0,0,-0.505678186522134,0,0,0,1,0,0,1,0,0,0,0
3,-0.13125132843725829,0,0,-0.5023366230791051,0,0,1,1,0,0,0,1,1,0,0
1,0.5058440392511496,0,0,-0.14357831138974572,0,0,1,0,1,0,0,1,1,0,0
3,0.5058440392511496,0,0,-0.6598283427300576,0,0,1,1,0,0,0,1,1,0,0
2,0.1076594344458947,1,1,-0.14626838734651665,0,0,0,1,0,0,0,1,0,1,0
3,-0.29052517035936026,0,0,-0.5055158037552889,0,0,1,1,0,0,0,1,1,0,0
3,-1.0868943799698703,0,0,-0.5101622985897114,0,0,0,1,0,0,0,1,0,0,0
3,-1.6443528266972272,4,2,-0.04795833874452453,0,0,0,1,0,0,0,1,0,0,0
3,-0.44979901228146224,0,3,-0.28305532601528255,0,0,0,1,0,0,0,0,0,1,0
2,-1.405442063814074,0,0,-0.35169236949993304,0,0,0,1,0,0,0,1,0,0,0
3,0.1076594344458947,0,0,-0.5085326016646277,0,0,1,1,0,0,1,0,1,0,0
1,1.3022132488616596,0,0,-0.1511594345406456,0,0,1,1,0,0,0,1,1,0,0
3,-0.29052517035936026,0,0,-0.5053534209884438,0,0,1,1,0,0,0,1,1,0,0
1,1.0633024859785065,0,1,3.4748184028268607,0,0,0,0,1,0,0,1,0,1,0
3,-1.0072574590088192,0,0,-0.49035355745348913,0,0,1,1,0,0,0,1,1,0,0
3,-0.6090728542035643,0,0,-0.5204334976973822,0,0,1,1,0,0,0,1,1,0,0
3,-0.13125132843725829,0,0,-0.5023366230791051,1,0,0,1,0,0,0,1,0,1,0
3,-1.0868943799698703,0,0,-0.5082058797120599,0,0,0,1,0,0,1,0,0,0,0
3,0.22711481588747118,0,0,-0.47396854935315713,0,0,1,1,0,0,0,1,1,0,0
1,2.5764039842384756,0,0,-0.14039913071356186,0,0,1,1,0,0,0,1,1,0,0
1,1.0633024859785065,1,0,-0.11749337849401711,0,0,1,0,1,0,0,0,1,0,0
3,-1.0868943799698703,0,0,-0.5023366230791051,0,0,1,1,0,0,0,1,1,0,0
1,1.7800347746279654,1,1,1.1694233078741743,0,0,0,0,1,0,0,1,0,1,0
3,-2.1221743524635333,1,1,-0.3903316423335519,0,0,0,1,0,0,0,1,0,0,0
3,-2.201811273424584,4,2,-0.04795833874452453,0,0,0,1,0,0,0,1,0,0,0
1,0.6651178811732517,0,1,2.342540977386006,0,0,1,0,0,0,0,1,1,0,0
1,-0.13125132843725829,0,0,-0.6598283427300576,1,0,1,0,1,0,0,1,1,0,0
2,2.4171301423163736,1,0,-0.1511594345406456,0,0,0,1,0,0,0,1,0,1,0
1,0.5058440392511496,0,0,4.473325687508288,0,0,0,0,1,0,0,0,0,0,0
3,0.8243917230953536,1,6,0.2577321108885356,0,0,1,1,0,0,0,1,1,0,0
3,-0.6887097751646152,0,0,-0.5073098398660955,0,0,1,1,0,0,0,1,1,0,0
3,1.3818501698227106,1,0,-0.37614760547057785,0,0,0,1,0,0,0,1,0,1,0
3,0.6651178811732517,4,2,-0.507716774992647,0,0,0,1,0,0,0,1,0,0,0
3,-0.3701620913204113,0,0,-0.5101622985897114,0,0,1,0,1,0,0,1,1,0,0
3,-0.09143286795673279,0,0,-0.3448449034281525,0,0,1,1,0,0,0,1,1,0,0
3,-1.0072574590088192,0,0,-0.49035355745348913,0,0,1,1,0,0,0,1,1,0,0
1,1.2225763279006086,1,0,0.3683519470687116,0,0,0,0,1,0,0,1,0,1,0
3,-0.13125132843725829,0,0,-0.5066563959609598,1,0,0,1,0,0,1,0,0,0,0
2,0.34657019732904765,0,0,-0.40549388863535163,0,0,0,1,0,0,0,1,0,0,0
1,1.5411240117448126,1,0,0.4539452729659684,0,0,1,0,1,0,0,0,1,0,0
3,-0.13125132843725829,0,0,-0.5082058797120599,1,0,1,1,0,0,1,0,1,0,0
3,-0.3701620913204113,0,0,-0.5184770788197306,0,0,1,1,0,0,0,0,1,0,0
3,-0.5692543937230388,0,0,-0.5184770788197306,0,0,1,1,0,0,0,0,1,0,0
2,-0.13125132843725829,0,0,-0.45440436057664124,0,0,1,1,0,0,0,1,1,0,0
1,-0.8479836170867172,3,2,4.48555330549361,0,0,1,0,0,0,0,1,1,0,0
3,-0.13125132843725829,0,2,-0.3615566334810524,1,0,0,1,0,0,0,0,0,1,0
1,-0.6090728542035643,0,1,0.5527444262873734,0,0,0,0,1,0,0,0,0,0,0
2,-0.05161440747620729,1,0,-0.11749337849401711,0,0,1,1,0,0,0,0,1,0,0
3,-0.13125132843725829,0,0,-0.5023366230791051,1,0,1,1,0,0,0,1,1,0,0
1,0.1076594344458947,0,2,2.565654899031148,0,0,0,0,0,0,0,1,0,0,0
3,-0.13125132843725829,0,0,-0.5023366230791051,1,0,1,1,0,0,0,1,1,0,0
3,0.2669332763679967,0,0,-0.49035355745348913,0,0,1,1,0,0,0,0,1,0,0
2,-0.13125132843725829,0,0,-0.45440436057664124,0,0,1,1,0,0,0,1,1,0,0
3,-0.13125132843725829,1,0,-0.3770436453165423,1,0,1,1,0,0,0,0,1,0,0
1,0.2669332763679967,0,0,1.0324739864385633,0,0,0,0,1,0,0,1,0,0,1
3,-0.6887097751646152,0,0,-0.3448449034281525,0,0,1,1,0,0,0,1,1,0,0
2,-0.8479836170867172,1,1,0.059155594806899775,0,0,1,1,0,0,0,1,1,0,0
3,-0.6887097751646152,0,0,-0.507716774992647,0,0,1,1,0,0,0,1,1,0,0
3,-0.5294359332425133,0,0,-0.5047821466761696,0,0,0,1,0,0,0,1,0,0,0
2,-0.9276205380477682,0,0,0.7781395323438572,0,0,1,1,0,0,0,1,1,0,0
3,-1.6443528266972272,4,2,-0.045757367507166476,0,0,1,1,0,0,0,1,0,0,1
1,1.9393086165500675,1,0,0.8713961509848753,0,0,0,0,1,0,0,0,0,0,0
3,1.1429394069395575,0,0,-0.5047821466761696,0,0,1,1,0,0,0,1,1,0,0
3,0.34657019732904765,0,0,-0.5023366230791051,0,0,1,1,0,0,0,1,1,0,0
3,1.7003978536669144,0,0,-0.5218186422627595,0,0,1,1,0,0,0,1,1,0,0
1,0.2669332763679967,0,0,-0.5620073988474784,0,0,1,0,1,0,0,1,1,0,0
3,-1.0868943799698703,1,1,-0.2636535200056117,0,0,1,1,0,0,0,1,1,0,0
2,-0.3701620913204113,1,0,-0.1511594345406456,0,0,1,1,0,0,0,1,1,0,0
3,-0.8479836170867172,0,0,-0.5053534209884438,0,0,1,1,0,0,0,1,1,0,0
2,-0.44979901228146224,2,1,-0.13159524576412976,0,0,0,1,0,0,0,1,0,1,0
1,-0.29052517035936026,0,0,-0.0729026794345822,0,0,1,0,0,0,0,0,1,0,0
2,-0.05161440747620729,0,0,-0.45440436057664124,0,0,1,1,0,0,0,1,1,0,0
2,0.028022513484843702,0,0,-0.41062948818918704,0,0,1,1,0,0,0,0,1,0,0
1,0.7447548021343027,0,0,1.4707118150325185,0,0,0,0,0,0,0,0,0,0,1
2,-0.21088824939830927,1,0,-0.1511594345406456,0,0,1,1,0,0,0,1,1,0,0
3,-0.13125132843725829,0,0,-0.5053534209884438,1,0,1,1,0,0,0,1,1,0,0
3,-1.0072574590088192,0,0,-0.5085326016646277,0,0,0,1,0,0,1,0,0,0,0
3,-0.13125132843725829,0,0,-0.5053534209884438,1,0,1,1,0,0,0,1,1,0,0
2,0.34657019732904765,1,0,-0.24898037842322485,0,0,1,1,0,0,0,1,1,0,0
1,2.8153147471216284,0,0,-0.14039913071356186,0,0,1,0,1,0,0,1,1,0,0
3,-0.29052517035936026,0,0,-0.5061672912415469,0,0,0,1,0,0,0,1,0,0,0
2,0.8243917230953536,0,0,-0.34680132230580407,0,0,1,1,0,0,0,1,1,0,0
2,0.5456624997316751,0,2,-0.1511594345406456,0,0,1,0,1,0,0,1,1,0,0
3,-0.6887097751646152,0,0,-0.5082058797120599,0,0,0,1,0,0,1,0,0,0,0
3,-0.9276205380477682,0,0,-0.5082058797120599,0,0,1,1,0,0,0,1,1,0,0
2,-0.13125132843725829,0,0,-0.40549388863535163,0,0,1,1,0,0,0,1,1,0,0
1,0.9836655650174556,0,0,-0.14039913071356186,0,0,1,1,0,0,0,1,1,0,0
2,-0.6887097751646152,0,0,-0.40549388863535163,0,0,1,1,0,0,0,1,1,0,0
3,-0.13125132843725829,1,0,-0.37696343214255856,1,0,0,1,0,0,0,0,0,1,0
3,-0.6090728542035643,0,0,-0.5184770788197306,0,0,1,1,0,0,0,0,1,0,0
2,-0.21088824939830927,1,0,-0.3887019454084681,0,0,0,1,0,0,0,0,0,0,0
3,-0.13125132843725829,0,0,-0.5082058797120599,1,0,0,1,0,0,1,0,0,0,0
3,0.9040286440564046,0,0,-0.5204334976973822,0,0,1,1,0,0,0,1,1,0,0
2,2.0189455375111187,0,0,-0.34680132230580407,0,0,0,1,0,0,0,1,0,1,0
1,-0.44979901228146224,0,0,0.8896554083699976,0,0,1,0,1,0,0,0,1,0,0
3,0.028022513484843702,0,0,-0.5238572307332725,0,0,0,1,0,0,1,0,0,0,0
1,0.22711481588747118,0,0,3.477997583503044,0,0,1,0,0,0,0,0,1,0,0
3,-0.6090728542035643,0,0,-0.5073098398660955,0,0,1,1,0,0,0,1,1,0,0
3,-1.6443528266972272,5,2,0.2577321108885356,0,0,1,1,0,0,0,1,0,0,1
3,-1.4850789847751251,5,2,0.2577321108885356,0,0,1,1,0,0,0,1,0,0,1
2,-0.44979901228146224,0,2,-0.37614760547057785,0,0,0,1,0,0,0,1,0,1,0
3,-0.6090728542035643,0,0,-0.5126899917796373,0,0,1,1,0,0,0,1,1,0,0
3,-0.9276205380477682,1,0,-0.532743285275566,0,0,1,1,0,0,0,1,1,0,0
3,-0.13125132843725829,0,0,-0.5053534209884438,0,0,0,1,0,0,0,1,0,0,0
3,-0.7683466961256662,0,0,-0.5219008118556209,0,0,1,1,0,0,0,1,1,0,0
1,1.7800347746279654,1,0,0.8713961509848753,0,0,0,0,1,0,0,0,0,1,0
1,1.6207609327058636,1,0,1.4222904478106415,0,0,1,0,0,0,0,0,1,0,0
3,-0.13125132843725829,3,1,-0.16159301641516152,1,0,0,1,0,0,0,1,0,0,0
3,-0.3701620913204113,1,0,-0.31158578250807556,0,0,1,1,0,0,0,1,1,0,0
3,-1.0072574590088192,0,1,-0.3448449034281525,0,0,0,1,0,0,0,1,0,0,0
2,0.028022513484843702,0,0,-0.40549388863535163,0,0,1,1,0,0,0,1,1,0,0
1,-0.13125132843725829,0,0,0.35750947364876645,1,0,1,0,1,0,0,1,1,0,0
1,0.1076594344458947,1,0,0.35750947364876645,0,0,1,0,1,0,0,1,1,0,0
3,-0.13125132843725829,0,0,-0.5082058797120599,1,0,0,1,0,0,1,0,0,0,0
3,0.42620711829009866,0,0,-0.5023366230791051,0,0,1,1,0,0,0,1,1,0,0
3,-0.29052517035936026,0,2,-0.3903316423335519,0,0,0,1,0,0,0,1,0,1,0
1,-0.05161440747620729,0,0,3.4748184028268607,0,0,0,0,1,0,0,1,0,0,0
2,-0.9276205380477682,0,2,-0.40549388863535163,0,0,0,1,0,0,0,1,0,0,0
3,0.8243917230953536,1,1,-0.356583416694062,0,0,1,1,0,0,1,0,1,0,0
2,-0.44979901228146224,1,0,-0.11749337849401711,0,0,0,1,0,0,0,0,0,1,0
2,0.028022513484843702,1,1,-0.1511594345406456,0,0,1,1,0,0,0,1,0,0,1
3,-0.13125132843725829,0,0,-0.5023366230791051,1,0,0,1,0,0,0,1,0,0,0
2,-0.13125132843725829,0,0,-0.3957117942470937,0,0,1,1,0,0,0,1,1,0,0
1,-0.13125132843725829,0,0,-0.03997028046707309,1,0,0,1,0,0,0,1,0,1,0
2,0.9836655650174556,0,0,-0.40549388863535163,0,0,1,1,0,0,0,1,1,0,0
3,-2.281448194385635,4,1,0.11662539933791508,0,0,1,1,0,0,0,1,0,0,1
3,-0.13125132843725829,1,0,-0.18735318377719995,1,0,1,1,0,0,1,0,1,0,0
1,-0.13125132843725829,0,0,-0.6598283427300576,1,0,1,1,0,0,0,1,1,0,0
3,-0.13125132843725829,0,0,-0.37696343214255856,1,0,1,1,0,0,0,0,1,0,0
2,-0.3701620913204113,0,0,-0.45440436057664124,0,0,1,1,0,0,0,1,1,0,0
3,-0.21088824939830927,0,0,-0.5047821466761696,0,0,0,1,0,0,0,1,0,0,0
1,-0.5294359332425133,0,1,0.9670963368040801,0,0,0,0,0,0,0,0,0,1,0
3,0.1076594344458947,0,0,-0.5061672912415469,0,0,0,1,0,0,0,1,0,0,0
3,0.1872963554069457,0,0,-0.21914499053903821,0,0,1,1,0,0,0,1,1,0,0
2,-0.29052517035936026,1,1,-0.1511594345406456,0,0,0,1,0,0,0,1,0,1,0
1,0.1076594344458947,1,0,1.5563051409297752,0,0,0,0,1,0,0,0,0,0,0
3,-0.13125132843725829,0,0,-0.5073098398660955,0,0,1,1,0,0,0,1,1,0,0
1,3.2931362728879345,0,0,0.018152967969077918,0,0,1,0,1,0,0,0,1,0,0
3,-0.13125132843725829,0,0,-0.512118717467363,1,0,0,1,0,0,0,1,0,0,0
1,2.0189455375111187,1,0,0.5022844705949837,0,0,1,1,0,0,0,0,1,0,0
3,1.3818501698227106,1,0,-0.5228790212944467,0,0,0,1,0,0,0,1,0,1,0
3,-0.13125132843725829,0,0,-0.21914499053903821,0,0,1,1,0,0,0,1,1,0,0
3,-0.13125132843725829,8,2,0.7008609866766196,1,0,1,1,0,0,0,1,1,0,0
3,-0.13125132843725829,0,0,-0.5082058797120599,1,0,1,1,0,0,1,0,1,0,0
3,-2.201811273424584,3,1,-0.24751306426498618,0,0,1,1,0,0,0,1,0,0,1
3,-0.8479836170867172,1,0,-0.3448449034281525,0,0,0,1,0,0,0,1,0,1,0
3,-0.13125132843725829,0,0,-0.5023366230791051,1,0,1,1,0,0,0,1,1,0,0
2,1.1429394069395575,1,0,-0.1511594345406456,0,0,0,1,0,0,0,1,0,1,0
1,0.2669332763679967,0,0,-0.14039913071356186,0,0,1,1,0,0,0,1,1,0,0
3,2.3374932213553223,0,0,-0.5179879741003177,0,0,1,1,0,0,0,1,1,0,0
1,-0.3701620913204113,1,0,1.1220623196839847,0,0,1,0,1,0,0,0,1,0,0
3,-0.7683466961256662,0,0,-0.4672032528742379,0,0,1,1,0,0,0,1,1,0,0
1,2.5764039842384756,0,0,0.9053067593912102,0,0,0,0,1,1,0,0,0,1,0
2,-0.29052517035936026,0,0,-0.45440436057664124,0,0,1,1,0,0,0,1,1,0,0
3,-0.6887097751646152,0,0,-0.5073098398660955,0,0,1,1,0,0,0,1,1,0,0
3,-0.13125132843725829,0,0,-0.5184770788197306,1,0,1,1,0,0,0,0,1,0,0
3,-0.5294359332425133,0,0,-0.5053534209884438,0,0,1,1,0,0,0,1,1,0,0
1,0.028022513484843702,1,2,2.3051244663509194,0,0,1,0,0,0,0,1,1,0,0
1,-0.13125132843725829,1,0,1.083423046850366,1,0,0,0,0,0,0,0,0,1,0
3,0.5854809602122006,2,0,-0.5047821466761696,0,0,1,1,0,0,0,1,1,0,0
2,0.5058440392511496,0,0,-0.40549388863535163,0,0,0,1,0,0,0,1,0,0,0
1,1.4614870907837616,1,0,0.35750947364876645,0,0,1,0,0,0,0,1,1,0,0
3,-0.9276205380477682,0,0,-0.49035355745348913,0,0,1,1,0,0,0,1,1,0,0
3,-0.13125132843725829,0,0,-0.5011138612805728,1,0,0,1,0,0,0,1,0,1,0
3,-0.13125132843725829,0,0,-0.5023366230791051,1,0,1,1,0,0,0,1,1,0,0
3,2.6560409051995264,0,0,-0.472256682835212,0,0,0,1,0,0,0,1,0,1,0
3,-0.21088824939830927,0,0,-0.5061672912415469,0,0,1,1,0,0,0,1,1,0,0
3,0.2669332763679967,0,0,-0.507716774992647,0,0,1,1,0,0,0,1,1,0,0
3,-0.44979901228146224,1,0,-0.3448449034281525,0,0,1,1,0,0,0,1,1,0,0
1,-0.9276205380477682,1,0,1.4707118150325185,0,0,1,0,0,0,0,0,1,0,0
3,-1.962900510541431,4,2,-0.045757367507166476,0,0,0,1,0,0,0,1,0,0,0
1,-0.5294359332425133,0,0,1.1694233078741743,0,0,1,0,1,0,0,1,1,0,0
1,-0.05161440747620729,1,0,0.6431466297858978,0,0,1,0,0,0,0,1,1,0,0
3,-0.13125132843725829,1,0,-0.26919605468599866,1,0,1,1,0,0,0,1,1,0,0
2,-0.05161440747620729,1,0,-0.1511594345406456,0,0,0,1,0,0,0,1,0,1,0
3,-0.13125132843725829,2,0,-0.23569238140621526,1,0,1,1,0,0,0,0,1,0,0
3,-0.13125132843725829,1,0,-0.34973595062228147,0,0,1,1,0,0,0,1,1,0,0
2,-2.281448194385635,2,1,0.10317501955406043,0,0,1,0,1,0,0,1,0,0,1
2,-0.6887097751646152,1,0,-0.4348401718001254,0,0,1,1,0,0,0,1,1,0,0
3,-0.13125132843725829,0,2,-0.22240634080808336,1,0,0,1,0,0,0,0,0,1,0
3,0.42620711829009866,1,1,-0.2636535200056117,0,0,0,1,0,0,0,1,0,1,0
3,-0.13125132843725829,1,9,0.7008609866766196,1,0,0,1,0,0,0,1,0,1,0
1,-0.13125132843725829,0,0,0.03470035883625496,0,0,1,0,1,0,0,1,1,0,0
2,0.9836655650174556,0,0,-0.40549388863535163,0,0,1,1,0,0,0,1,1,0,0
1,1.3818501698227106,1,0,0.5370109056732993,0,0,0,0,1,0,0,1,0,1,0
3,-0.8479836170867172,0,0,-0.5053534209884438,0,0,1,1,0,0,0,1,1,0,0
3,-0.7683466961256662,1,1,-0.3518547522667781,0,0,1,1,0,0,0,0,1,0,0
2,-0.29052517035936026,1,1,-0.09246686821109805,0,0,1,1,0,0,0,1,1,0,0
1,-0.13125132843725829,0,0,3.7915137086467112,1,0,1,1,0,0,0,0,1,0,0
3,-1.0072574590088192,0,0,-0.37696343214255856,0,0,0,1,0,0,0,0,0,0,0
1,-0.13125132843725829,3,2,4.48555330549361,0,0,0,0,0,0,0,1,0,0,0
3,-0.3701620913204113,0,0,-0.5073098398660955,0,0,1,1,0,0,0,1,1,0,0
3,0.1872963554069457,0,0,-0.507716774992647,0,0,1,1,0,0,0,1,1,0,0
2,0.9040286440564046,0,0,-0.40549388863535163,0,0,1,1,0,0,0,1,0,0,1
2,0.1076594344458947,0,0,-0.24898037842322485,0,0,0,1,0,0,0,1,0,0,0
3,-1.0868943799698703,1,3,0.012690646462674635,0,0,1,1,0,0,0,1,1,0,0
1,0.5854809602122006,1,0,0.3790300813029339,0,0,1,0,0,0,0,1,1,0,0
1,0.34657019732904765,0,0,-0.14039913071356186,0,0,1,1,0,0,0,1,1,0,0
3,-0.13125132843725829,0,0,-0.5082058797120599,1,0,1,1,0,0,1,0,1,0,0
1,1.2225763279006086,1,0,0.9732923153896027,0,0,1,0,0,0,0,1,1,0,0
3,0.5058440392511496,0,0,-0.5131790964990501,0,0,1,1,0,0,0,1,1,0,0
3,-0.13125132843725829,0,0,-0.5023366230791051,1,0,1,1,0,0,0,1,1,0,0
2,-0.44979901228146224,0,0,-0.45440436057664124,0,0,1,1,0,0,0,1,1,0,0
3,1.2225763279006086,1,0,-0.3838108982143391,0,0,0,1,0,0,0,1,0,1,0
3,1.5411240117448126,0,0,-0.6598283427300576,0,0,1,1,0,0,0,1,1,0,0
3,-0.8479836170867172,0,0,-0.5277700684885757,0,0,1,1,0,0,1,0,1,0,0
1,-0.8479836170867172,0,0,-0.0729026794345822,0,0,0,0,1,0,0,1,0,0,0
3,-1.246168221891972,1,0,-0.43989360176109943,0,0,0,1,0,0,0,0,0,0,0
1,0.7447548021343027,0,0,-0.6598283427300576,0,0,1,0,1,0,0,1,1,0,0
2,0.9040286440564046,0,1,-0.2783266615879986,0,0,0,1,0,0,0,1,0,1,0
3,-0.13125132843725829,0,0,-0.525651266844079,1,0,1,1,0,0,1,0,1,0,0
3,-0.29052517035936026,0,0,-0.507716774992647,0,0,1,1,0,0,0,1,1,0,0
3,-0.3701620913204113,1,0,-0.507716774992647,0,0,1,1,0,0,0,1,1,0,0
2,1.2225763279006086,0,2,-0.0729026794345822,0,0,0,1,0,0,0,1,0,1,0
3,-0.13125132843725829,1,0,-0.5082058797120599,1,0,1,1,0,0,1,0,1,0,0
1,-0.13125132843725829,0,0,-0.14039913071356186,0,0,1,0,0,0,0,1,1,0,0
2,0.6651178811732517,0,0,-0.40549388863535163,0,0,0,1,0,0,0,1,0,0,0
2,-0.05161440747620729,1,0,-0.1511594345406456,0,0,0,1,0,0,0,1,0,1,0
3,-1.0868943799698703,2,0,-0.3076729447527724,0,0,1,1,0,0,0,1,1,0,0
2,0.9836655650174556,0,0,-0.40549388863535163,0,0,1,1,0,0,0,1,0,0,1
2,-0.7683466961256662,1,0,-0.1511594345406456,0,0,0,1,0,0,0,1,0,0,0
3,1.2225763279006086,0,0,-0.5233681260138596,0,0,1,1,0,0,0,1,1,0,0
1,-0.44979901228146224,0,0,0.9670963368040801,0,0,0,0,0,0,0,0,0,0,0
2,0.9040286440564046,0,0,-0.36546947123635554,0,0,1,1,0,0,0,0,1,0,0
2,0.2669332763679967,0,2,-0.1511594345406456,0,0,0,1,0,0,0,1,0,1,0
2,0.34657019732904765,0,0,-0.40549388863535163,0,0,1,0,1,0,0,1,1,0,0
1,2.4171301423163736,0,0,-0.14039913071356186,0,0,1,1,0,0,0,1,0,0,1
3,-0.9276205380477682,0,1,-0.47690317766963447,0,0,0,1,0,0,0,1,0,1,0
1,-0.3701620913204113,1,2,2.3051244663509194,0,0,0,0,0,0,0,1,0,1,0
1,1.9393086165500675,1,0,0.42484354216090103,0,0,1,0,0,0,0,0,1,0,0
3,-0.13125132843725829,1,1,-0.22240634080808336,1,0,1,1,0,0,0,0,0,0,1
3,-0.21088824939830927,0,0,-0.49035355745348913,0,0,1,1,0,0,0,1,1,0,0
3,0.5058440392511496,1,1,-0.18735318377719995,0,0,1,1,0,0,0,1,1,0,0
1,0.5058440392511496,1,2,1.687874310451844,0,0,1,0,1,0,0,1,1,0,0
2,0.34657019732904765,1,1,-0.023992207493292582,0,0,0,1,0,0,0,1,0,1,0
2,-0.13125132843725829,0,0,-0.41234135470713223,0,0,0,1,0,0,0,1,0,1,0
3,-0.13125132843725829,1,0,-0.356583416694062,1,0,1,1,0,0,1,0,1,0,0
2,-0.13125132843725829,0,0,-0.6598283427300576,1,0,1,1,0,0,0,1,1,0,0
2,-0.6090728542035643,0,0,-0.24898037842322485,0,0,0,1,0,0,0,1,0,1,0
3,-0.13125132843725829,0,0,-0.356583416694062,1,0,0,1,0,0,1,0,0,0,0
3,-0.05161440747620729,0,0,-0.5047821466761696,0,0,0,1,0,0,0,1,0,0,0
3,-0.44979901228146224,0,0,-0.5073098398660955,0,0,1,1,0,0,0,1,1,0,0
3,-0.13125132843725829,0,0,-0.5023366230791051,1,0,1,1,0,0,0,1,1,0,0
3,0.1872963554069457,0,0,-0.5082058797120599,0,0,1,1,0,0,1,0,1,0,0
3,-0.48961747276198775,0,0,-0.5183949092268694,0,0,1,1,0,0,0,0,1,0,0
2,0.7447548021343027,0,0,-0.40549388863535163,0,0,1,1,0,0,0,1,1,0,0
2,-0.8479836170867172,0,0,-0.1511594345406456,0,0,0,1,0,0,0,1,0,1,0
3,-0.44979901228146224,0,0,-0.5179879741003177,0,0,1,1,0,0,1,0,1,0,0
3,-0.13125132843725829,1,2,-0.20104811592076102,1,0,0,1,0,0,0,1,0,1,0
1,-0.29052517035936026,0,0,0.8828079422982169,0,0,0,1,0,0,0,1,0,0,0
3,-0.6887097751646152,0,0,-0.5184770788197306,0,0,1,1,0,0,0,0,1,0,0
3,-1.6443528266972272,1,1,-0.3615566334810524,0,0,0,1,0,0,0,0,0,0,0
2,-0.44979901228146224,2,3,-0.2929998031703855,0,0,0,1,0,0,0,1,0,1,0
3,-0.13125132843725829,2,0,-0.5047821466761696,0,0,1,1,0,0,0,1,1,0,0
3,-0.13125132843725829,0,0,-0.18735318377719995,1,0,1,1,0,0,1,0,1,0,0
3,0.2669332763679967,0,0,-0.5053534209884438,0,0,1,1,0,0,0,0,1,0,0
1,2.4967670632774244,0,0,-0.004428018716776734,0,0,1,0,1,0,0,1,1,0,0
3,-0.6887097751646152,0,0,-0.5061672912415469,0,0,1,1,0,0,0,1,1,0,0
3,-0.13125132843725829,0,0,-0.5053534209884438,1,0,1,1,0,0,0,1,1,0,0
3,-0.13125132843725829,0,0,0.44546615355022645,1,0,1,1,0,0,0,1,1,0,0
2,1.6207609327058636,0,0,-0.45440436057664124,0,0,0,1,0,0,0,1,0,0,0
1,0.42620711829009866,1,0,0.35750947364876645,0,0,0,1,0,0,0,1,0,1,0
3,-0.9276205380477682,1,0,-0.31158578250807556,0,0,0,1,0,0,0,1,0,1,0
3,1.2225763279006086,0,1,-0.3770436453165423,0,0,0,1,0,0,0,0,0,1,0
2,0.1872963554069457,1,0,-0.1511594345406456,0,0,1,1,0,0,0,1,1,0,0
1,-0.13125132843725829,0,0,-0.11749337849401711,1,0,0,1,0,0,0,0,0,1,0
3,-0.13125132843725829,8,2,0.7008609866766196,1,0,0,1,0,0,0,1,0,0,0
3,-0.13125132843725829,0,0,-0.5023366230791051,1,0,1,1,0,0,0,1,1,0,0
1,-1.0072574590088192,0,0,0.26164494864383886,0,0,1,1,0,0,0,1,1,0,0
2,2.1782193794332203,0,0,-0.45440436057664124,0,0,0,0,1,0,0,1,0,1,0
2,-0.9276205380477682,0,0,-0.4348401718001254,0,0,1,1,0,0,0,1,1,0,0
2,1.9393086165500675,1,3,-0.20985200087019315,0,0,0,1,0,0,0,1,0,1,0
3,-1.4850789847751251,0,0,-0.2922661460912661,0,0,1,1,0,0,0,0,1,0,0
3,-1.8832635895803802,0,1,-0.41576508774302245,0,0,1,0,1,0,0,1,0,0,1
3,-0.13125132843725829,0,0,-0.5082058797120599,1,0,1,1,0,0,1,0,1,0,0
3,-0.6887097751646152,0,0,-0.49035355745348913,0,0,1,1,0,0,0,1,1,0,0
3,0.1076594344458947,1,1,-0.2582733680920699,0,0,0,1,0,0,0,1,0,1,0
3,0.5058440392511496,0,2,-0.42147196160913214,0,0,0,1,0,0,0,1,0,1,0
3,-2.281448194385635,5,2,0.2577321108885356,0,0,1,1,0,0,0,1,0,0,1
2,-0.44979901228146224,1,2,0.6118439277434725,0,0,0,1,0,0,0,1,0,0,0
3,-0.29052517035936026,0,0,-0.507716774992647,0,0,1,1,0,0,0,1,1,0,0
2,0.42620711829009866,0,0,-0.45440436057664124,0,0,1,1,0,0,0,1,1,0,0
3,-1.8832635895803802,3,1,-0.24751306426498618,0,0,1,1,0,0,0,1,0,0,1
3,-0.6887097751646152,0,0,-0.5023366230791051,0,0,1,1,0,0,0,1,1,0,0
3,-0.9276205380477682,0,0,-0.507716774992647,0,0,1,1,0,0,0,1,1,0,0
3,0.9836655650174556,0,0,-0.5101622985897114,0,0,1,0,1,0,0,1,1,0,0
3,-0.13125132843725829,0,0,-0.5023366230791051,1,0,1,1,0,0,0,1,1,0,0
3,-0.13125132843725829,0,0,-0.5082058797120599,1,0,0,1,0,0,1,0,0,0,0
1,-0.13125132843725829,0,0,-0.1562128645016196,1,0,1,1,0,0,0,0,1,0,0
3,-0.05161440747620729,0,0,-0.47396854935315713,0,0,1,1,0,0,0,1,1,0,0
3,-0.13125132843725829,0,0,-0.505678186522134,1,0,0,1,0,0,1,0,0,0,0
3,-1.6443528266972272,0,2,-0.2582733680920699,0,0,1,1,0,0,0,1,0,0,1
2,-0.05161440747620729,1,0,-0.1511594345406456,0,0,0,1,0,0,0,1,0,1,0
3,-0.3701620913204113,0,0,-0.5183949092268694,0,0,1,0,1,0,0,0,1,0,0
2,-0.21088824939830927,0,0,-0.40549388863535163,0,0,1,1,0,0,0,1,1,0,0
3,3.5320470357710874,0,0,-0.507716774992647,0,0,1,1,0,0,0,1,1,0,0
2,-0.6090728542035643,2,0,-0.04355639626980843,0,0,1,1,0,0,0,1,1,0,0
3,0.1872963554069457,0,0,-0.5023366230791051,0,0,1,1,0,0,0,1,1,0,0
3,-1.325805142853023,0,0,-0.5183949092268694,0,0,0,1,0,0,0,0,0,0,0
2,-0.21088824939830927,0,0,-0.45440436057664124,0,0,0,0,1,0,0,1,0,0,0
3,1.2225763279006086,0,0,-0.5184770788197306,0,0,0,1,0,0,0,0,0,1,0
2,-0.13125132843725829,0,0,-0.40793941223241614,1,0,1,1,0,0,0,1,1,0,0
3,-0.6090728542035643,0,0,-0.5073098398660955,0,0,1,1,0,0,0,1,1,0,0
2,0.42620711829009866,0,0,-0.4182106113400869,0,0,1,1,0,0,1,0,1,0,0
3,-0.13125132843725829,0,0,-0.5082058797120599,1,0,0,1,0,0,1,0,0,0,0
1,1.0633024859785065,1,0,0.42484354216090103,0,0,0,0,0,0,0,0,0,1,0
3,-0.6090728542035643,2,0,-0.49035355745348913,0,0,0,1,0,0,0,1,0,0,0
3,0.028022513484843702,0,0,-0.5023366230791051,0,0,1,1,0,0,0,1,1,0,0
3,-0.05161440747620729,0,0,-0.5023366230791051,0,0,1,1,0,0,0,1,1,0,0
3,1.0633024859785065,1,6,0.2577321108885356,0,0,0,1,0,0,0,1,0,1,0
3,-0.05161440747620729,0,0,-0.507716774992647,0,0,1,1,0,0,0,1,1,0,0
3,-0.13125132843725829,0,0,-0.5183949092268694,1,0,0,1,0,0,0,0,0,1,0
2,2.6560409051995264,1,0,-0.1511594345406456,0,0,1,1,0,0,0,1,1,0,0
2,0.22711481588747118,0,0,-0.40549388863535163,0,0,0,0,1,0,0,1,0,0,0
1,-0.13125132843725829,0,0,0.16969326139421428,1,0,1,1,0,0,0,1,1,0,0
1,1.1429394069395575,0,1,0.47448767118131,0,0,0,0,1,0,0,0,0,1,0
3,-0.21088824939830927,0,0,-0.5053534209884438,0,0,1,1,0,0,0,1,1,0,0
3,-0.9276205380477682,0,0,-0.5277700684885757,0,0,0,1,0,0,1,0,0,0,0
3,-0.6090728542035643,0,0,-0.507716774992647,0,0,1,1,0,0,0,1,1,0,0
3,-1.1665313009309213,1,0,-0.3770436453165423,0,0,0,1,0,0,0,0,0,1,0
3,-1.4850789847751251,4,2,-0.04795833874452453,0,0,0,1,0,0,0,1,0,0,0
3,-0.7683466961256662,0,0,-0.5047821466761696,0,0,1,1,0,0,0,1,1,0,0
1,0.42620711829009866,0,0,-0.14039913071356186,0,0,1,1,0,0,0,0,1,0,0
1,-0.13125132843725829,0,0,3.6791017927746057,1,0,1,0,0,0,0,1,1,0,0
3,-0.44979901228146224,0,0,-0.5082058797120599,0,0,0,1,0,0,1,0,0,0,0
3,-0.3701620913204113,0,0,-0.5219008118556209,0,0,1,1,0,0,0,1,1,0,0
3,-0.7683466961256662,0,0,-0.49035355745348913,0,0,0,1,0,0,0,1,0,0,0
2,0.5058440392511496,1,0,-0.1511594345406456,0,0,0,1,0,0,0,1,0,1,0
2,-0.3701620913204113,1,2,0.15363497524645012,0,0,1,1,0,0,0,0,1,0,0
2,0.1872963554069457,0,0,-0.3957117942470937,0,0,1,1,0,0,0,1,1,0,0
3,-0.13125132843725829,0,0,-0.49035355745348913,1,0,1,1,0,0,0,1,1,0,0
1,1.8596716955890165,1,1,0.9416628913946097,0,0,1,0,1,0,0,1,0,0,1
3,-0.9276205380477682,2,2,0.012690646462674635,0,0,1,1,0,0,0,1,1,0,0
2,0.028022513484843702,0,0,-0.45440436057664124,0,0,1,1,0,0,0,1,1,0,0
1,2.4171301423163736,0,0,0.8327568781512567,0,0,0,0,1,0,0,0,0,1,0
3,-0.29052517035936026,0,0,-0.5047821466761696,0,0,0,1,0,0,0,1,0,0,0
3,-2.201811273424584,4,1,-0.09002134461403358,0,0,1,1,0,0,1,0,0,0,1
3,1.2225763279006086,0,0,-0.5082058797120599,0,0,0,1,0,0,0,1,0,0,0
3,0.5854809602122006,0,0,-0.5082058797120599,0,0,0,1,0,0,1,0,0,0,0
3,0.1076594344458947,1,0,-0.3076729447527724,0,0,0,1,0,0,0,1,0,1,0
3,-0.13125132843725829,0,0,-0.5023366230791051,1,0,1,1,0,0,0,1,1,0,0
3,0.2669332763679967,1,2,-0.2572951586532441,0,0,0,1,0,0,0,1,0,1,0
3,-1.0072574590088192,1,0,-0.5218186422627595,0,0,1,1,0,0,0,1,1,0,0
2,-0.21088824939830927,0,0,-0.1511594345406456,0,0,1,1,0,0,0,1,1,0,0
3,-0.13125132843725829,0,0,-0.5338838774812369,1,0,1,1,0,0,0,0,1,0,0
1,-0.13125132843725829,0,1,0.416202039978314,1,0,0,0,1,0,0,1,0,1,0
2,-2.201811273424584,1,1,-0.1511594345406456,0,0,1,0,1,0,0,1,0,0,1
2,0.7447548021343027,0,0,-0.1511594345406456,0,0,1,1,0,0,0,1,1,0,0
2,-2.042537431502482,2,1,0.10317501955406043,0,0,0,0,1,0,0,1,0,0,0
1,2.8153147471216284,0,1,0.5527444262873734,0,0,1,0,1,0,0,0,1,0,0
1,1.5411240117448126,1,0,0.8413162107409823,0,0,0,0,1,0,0,0,0,1,0
3,-0.13125132843725829,0,0,-0.5183949092268694,1,0,1,1,0,0,0,0,1,0,0
3,-0.29052517035936026,0,0,-0.505678186522134,0,0,1,1,0,0,1,0,1,0,0
2,1.9393086165500675,0,0,-0.3859296998588358,0,0,1,1,0,0,0,1,0,0,1
3,0.7049363416537772,0,0,-0.5179879741003177,0,0,1,1,0,0,0,1,1,0,0
1,-0.13125132843725829,1,0,0.3548193976919955,1,0,0,0,1,0,0,1,0,1,0
3,-0.13125132843725829,0,0,-0.5082058797120599,1,0,1,1,0,0,1,0,1,0,0
1,0.6651178811732517,0,0,0.9053067593912102,0,0,0,0,1,1,0,0,0,0,0
3,0.1872963554069457,0,0,-0.5023366230791051,0,0,1,0,1,0,0,1,1,0,0
3,-0.13125132843725829,0,0,-0.5023366230791051,1,0,1,1,0,0,0,1,1,0,0
1,0.42620711829009866,0,0,3.477997583503044,0,0,0,0,0,0,0,0,0,0,0
1,-0.05161440747620729,0,0,-0.0729026794345822,0,0,1,0,1,0,0,1,1,0,0
1,1.8596716955890165,0,0,-0.10224896259935598,0,0,1,0,0,0,0,0,0,0,1
3,-2.042537431502482,1,1,-0.4420143598244738,0,0,1,1,0,0,0,1,0,0,1
1,-0.8479836170867172,1,0,0.3790300813029339,0,0,1,0,1,0,0,1,1,0,0
1,1.7800347746279654,1,1,0.8984592933194298,0,0,1,0,1,0,0,1,1,0,0
1,-0.6090728542035643,0,1,0.416202039978314,0,0,0,0,1,0,0,1,0,0,0
3,-0.13125132843725829,0,0,-0.5053534209884438,1,0,1,1,0,0,0,1,1,0,0
1,1.3818501698227106,0,0,0.35750947364876645,0,0,1,0,0,0,0,1,1,0,0
3,-0.5294359332425133,0,0,-0.5073098398660955,0,0,1,1,0,0,0,1,1,0,0
1,2.2578563003942715,0,0,-0.14039913071356186,0,0,0,0,0,0,0,1,0,0,0
3,-1.4452605242945997,1,1,-0.37614760547057785,0,0,1,1,0,0,0,1,0,0,1
3,2.4967670632774244,0,0,-0.53779671523654,0,0,1,1,0,0,0,1,1,0,0
3,-0.13125132843725829,0,0,-0.5082058797120599,1,0,0,1,0,0,1,0,0,0,0
2,-1.405442063814074,2,1,0.10317501955406043,0,0,0,0,1,0,0,1,0,0,0
3,-0.13125132843725829,0,0,-0.5167652123017855,1,0,1,1,0,0,0,1,1,0,0
1,-0.44979901228146224,0,0,0.3086811713003382,0,0,0,0,0,0,0,0,0,1,0
2,1.1429394069395575,0,0,-0.40549388863535163,0,0,1,1,0,0,0,1,1,0,0
3,-0.6887097751646152,1,0,-0.532743285275566,0,0,1,1,0,0,0,1,1,0,0
3,-0.13125132843725829,0,0,-0.5053534209884438,1,0,1,1,0,0,0,1,1,0,0
3,-0.21088824939830927,0,0,-0.5053534209884438,0,0,1,1,0,0,0,1,1,0,0
3,-0.8878020775672427,0,0,-0.5183949092268694,0,0,1,1,0,0,0,0,1,0,0
1,-0.13125132843725829,0,0,0.8896554083699976,1,0,0,1,0,0,0,0,0,1,0
1,-0.6090728542035643,0,0,2.3051244663509194,0,0,0,1,0,0,0,1,0,0,0
3,-1.6443528266972272,2,2,0.012690646462674635,0,0,0,1,0,0,0,1,0,0,0
2,-0.5294359332425133,0,0,-0.36546947123635554,0,0,1,1,0,0,0,0,1,0,0
3,-0.29052517035936026,0,0,0.44546615355022645,0,0,1,1,0,0,0,1,1,0,0
3,-0.13125132843725829,2,0,-0.23569238140621526,1,0,1,1,0,0,0,0,1,0,0
3,0.2669332763679967,1,1,-0.2582733680920699,0,0,1,1,0,0,0,1,1,0,0
3,-0.29052517035936026,0,0,-0.5053534209884438,0,0,1,1,0,0,0,1,1,0,0
3,-0.13125132843725829,8,2,0.7008609866766196,1,0,1,1,0,0,0,1,1,0,0
3,-1.8832635895803802,4,2,-0.04795833874452453,0,0,0,1,0,0,0,1,0,0,0
1,0.5854809602122006,0,1,-0.07877193606753698,0,0,1,0,0,0,0,0,1,0,0
3,-0.13125132843725829,1,1,-0.3615566334810524,1,0,1,1,0,0,0,0,0,0,1
3,-0.13125132843725829,2,0,-0.23569238140621526,1,0,1,1,0,0,0,0,1,0,0
3,1.2225763279006086,1,4,-0.11398747586526552,0,0,0,1,0,0,0,1,0,1,0
3,3.253317812407409,0,0,-0.5082058797120599,0,0,1,1,0,0,1,0,1,0,0
3,-1.0072574590088192,0,0,-0.49035355745348913,0,0,1,1,0,0,0,1,1,0,0
3,-0.13125132843725829,0,0,-0.5053534209884438,1,0,1,1,0,0,0,1,1,0,0
3,-0.13125132843725829,0,0,-0.5053534209884438,1,0,1,1,0,0,0,1,1,0,0
1,0.6651178811732517,0,0,-0.6598283427300576,0,0,1,1,0,0,0,1,0,0,1
3,-1.1665313009309213,0,0,-0.5027435582056566,0,0,0,1,0,0,1,0,0,0,0
3,-0.21088824939830927,0,0,-0.49035355745348913,0,0,1,1,0,0,0,1,1,0,0
1,0.028022513484843702,0,0,1.0324739864385633,0,0,0,0,1,0,0,1,0,0,0
1,-0.05161440747620729,0,0,3.6791017927746057,0,0,0,0,0,0,0,1,0,0,0
1,-0.8479836170867172,0,2,-0.14561689986025864,0,0,0,0,1,0,0,1,0,0,0
3,-0.13125132843725829,0,0,-0.5082058797120599,1,0,1,1,0,0,1,0,1,0,0
3,0.5058440392511496,0,2,-0.3487577411834557,0,0,0,1,0,0,0,1,0,1,0
1,-0.44979901228146224,3,2,4.48555330549361,0,0,0,0,0,0,0,1,0,0,0
1,-0.13125132843725829,0,0,-0.05928991688388251,1,0,1,1,0,0,0,0,1,0,0
3,0.1872963554069457,0,0,-0.5047821466761696,0,0,1,1,0,0,0,1,1,0,0
1,0.2669332763679967,1,0,1.1009486471563688,0,0,0,0,0,0,1,0,0,0,0
1,1.2225763279006086,1,1,1.971555047711324,0,0,1,0,1,0,0,0,1,0,0
1,1.1429394069395575,0,0,-0.11749337849401711,0,0,0,0,1,0,0,0,0,1,0
2,-1.962900510541431,1,2,-0.11692210418174287,0,0,0,1,0,0,0,1,0,0,0
2,-0.5294359332425133,0,0,-0.45440436057664124,0,0,1,1,0,0,0,1,0,0,1
1,2.4967670632774244,0,0,-0.027498110122044252,0,0,1,0,1,0,0,1,1,0,0
2,-0.13125132843725829,0,0,-0.4182106113400869,1,0,0,0,1,0,1,0,0,0,0
1,-0.13125132843725829,1,0,1.9549254872512856,1,0,0,1,0,0,0,1,0,1,0
3,-1.2063497614114467,1,0,-0.3770436453165423,0,0,0,1,0,0,0,0,0,0,0
3,-0.13125132843725829,1,0,-0.3770436453165423,1,0,0,1,0,0,0,0,0,1,0
3,-0.7683466961256662,0,0,-0.5813270352642879,0,0,1,1,0,0,0,0,1,0,0
3,-1.5647159057361761,4,1,-0.09002134461403358,0,0,1,1,0,0,1,0,0,0,1
3,-0.13125132843725829,0,0,-0.5082058797120599,1,0,0,1,0,0,1,0,0,0,0
3,-0.13125132843725829,3,1,-0.16159301641516152,1,0,0,1,0,0,0,1,0,0,0
1,-0.3701620913204113,0,0,-0.1511594345406456,0,0,1,1,0,0,0,0,1,0,0
3,-0.44979901228146224,0,0,-0.49035355745348913,0,0,1,1,0,0,0,1,1,0,0
1,0.42620711829009866,1,0,0.9732923153896027,0,0,0,0,0,0,0,1,0,1,0
3,1.1429394069395575,0,0,-0.5023366230791051,0,0,1,1,0,0,0,1,1,0,0
3,-0.6887097751646152,0,0,-0.49035355745348913,0,0,0,1,0,0,0,1,0,0,0
3,-0.13125132843725829,1,0,-0.26919605468599866,1,0,1,1,0,0,0,1,1,0,0
3,-0.29052517035936026,0,0,-0.507716774992647,0,0,1,1,0,0,0,1,1,0,0
2,-0.29052517035936026,0,0,-0.3957117942470937,0,0,0,1,0,0,0,1,0,0,0
3,-0.6887097751646152,0,0,-0.5053534209884438,0,0,1,1,0,0,0,1,1,0,0
1,2.2578563003942715,0,1,2.342540977386006,0,0,0,0,0,0,0,1,0,1,0
3,-0.13125132843725829,1,1,-0.3781040243482295,0,0,0,1,0,0,0,1,0,1,0
3,-0.13125132843725829,0,0,-0.5074722226329405,1,0,0,1,0,0,1,0,0,0,0
2,0.028022513484843702,1,0,-0.1902878120936773,0,0,1,1,0,0,0,0,1,0,0
1,0.7447548021343027,0,0,3.4748184028268607,0,0,0,1,0,0,0,1,0,0,0
2,1.6207609327058636,0,0,-0.40549388863535163,0,0,1,1,0,0,0,1,1,0,0
3,-0.9276205380477682,0,0,-0.5183949092268694,0,0,0,1,0,0,0,0,0,1,0
3,-0.13125132843725829,1,0,-0.356583416694062,1,0,0,1,0,0,1,0,0,0,0
1,0.7447548021343027,1,1,1.5095134706329822,0,0,0,0,0,0,0,0,0,1,0
1,-2.042537431502482,0,2,0.9416628913946097,0,0,1,0,1,0,0,1,0,0,1
3,-2.281448194385635,1,1,-0.333106390162243,0,0,0,0,1,0,0,1,0,0,0
3,-0.44979901228146224,0,0,-0.507716774992647,0,0,1,1,0,0,0,1,1,0,0
1,2.6560409051995264,1,0,3.6791017927746057,0,0,0,0,0,0,0,1,0,1,0
2,1.6207609327058636,1,0,-0.1511594345406456,0,0,1,1,0,0,0,1,1,0,0
2,-0.6887097751646152,2,0,0.7781395323438572,0,0,1,1,0,0,0,1,1,0,0
1,0.8243917230953536,1,1,1.971555047711324,0,0,0,0,1,0,0,0,0,1,0
3,-0.6887097751646152,2,2,0.012690646462674635,0,0,0,1,0,0,0,1,0,0,0
3,1.6207609327058636,1,0,-0.37614760547057785,0,0,1,1,0,0,0,1,1,0,0
1,0.028022513484843702,0,0,2.565654899031148,0,0,0,0,0,0,0,1,0,0,0
3,-1.0868943799698703,4,1,0.11662539933791508,0,0,1,1,0,0,0,1,1,0,0
1,-0.6887097751646152,0,1,0.8522388973349109,0,0,1,0,1,0,0,1,1,0,0
3,0.5058440392511496,0,0,-0.5179879741003177,0,0,1,1,0,0,0,1,1,0,0
1,-0.9276205380477682,1,0,3.7915137086467112,0,0,0,0,0,0,0,0,0,1,0
3,-0.13125132843725829,0,0,-0.5023366230791051,1,0,0,1,0,0,0,1,0,0,0
3,-0.6090728542035643,0,0,-0.5082058797120599,0,0,0,1,0,0,0,1,0,0,0
1,1.7003978536669144,0,0,-0.14039913071356186,0,0,1,0,1,0,0,1,1,0,0
3,0.028022513484843702,0,0,-0.41576508774302245,0,0,0,1,0,0,0,1,0,0,0
3,-0.9276205380477682,0,0,-0.507716774992647,0,0,0,1,0,0,0,1,0,0,0
3,-0.13125132843725829,0,0,-0.5179879741003177,1,0,1,1,0,0,0,1,1,0,0
3,-1.6443528266972272,0,1,-0.5977942129574813,0,0,1,1,0,0,0,1,0,0,1
3,-0.6887097751646152,0,0,-0.507227670273234,0,0,1,1,0,0,0,1,1,0,0
3,2.8153147471216284,0,0,-0.5082058797120599,0,0,1,1,0,0,1,0,1,0,0
2,0.028022513484843702,0,0,-0.4182106113400869,0,0,0,1,0,0,1,0,0,0,0
1,0.028022513484843702,1,0,0.4700035591137326,0,0,1,0,0,0,0,0,1,0,0
3,-0.13125132843725829,8,2,0.7008609866766196,1,0,0,1,0,0,0,1,0,0,0
3,1.1429394069395575,0,1,-0.3448449034281525,0,0,1,1,0,0,0,1,1,0,0
2,2.8949516680826792,0,0,-0.45440436057664124,0,0,1,1,0,0,0,1,1,0,0
1,2.4171301423163736,1,1,0.8896554083699976,0,0,1,0,1,0,0,0,1,0,0
3,-2.1221743524635333,1,1,-0.3487577411834557,0,0,1,1,0,0,0,1,0,0,1
3,-0.13125132843725829,0,0,-0.5084504320717663,1,0,1,1,0,0,1,0,1,0,0
1,1.4614870907837616,1,0,1.4222904478106415,0,0,0,0,0,0,0,0,0,1,0
2,-1.7239897476582782,0,2,-0.14626838734651665,0,0,0,1,0,0,0,1,0,0,0
1,-0.6090728542035643,0,1,0.5022844705949837,0,0,0,1,0,0,0,0,0,0,0
1,0.9836655650174556,0,0,3.7915137086467112,0,0,0,1,0,0,0,0,0,0,0
3,0.1076594344458947,0,0,-0.5047821466761696,0,0,1,1,0,0,0,1,1,0,0
2,-0.3701620913204113,0,0,-0.40549388863535163,0,0,1,1,0,0,0,1,1,0,0
2,-0.3701620913204113,1,1,-0.0729026794345822,0,0,0,1,0,0,0,1,0,0,0
2,-0.6887097751646152,0,0,-0.4348401718001254,0,0,1,1,0,0,0,1,1,0,0
1,1.9393086165500675,0,0,0.3548193976919955,0,0,1,0,1,0,0,1,1,0,0
3,0.7447548021343027,0,1,-0.3973414911721775,0,0,1,1,0,0,0,0,1,0,0
2,0.5854809602122006,1,0,-0.1511594345406456,0,0,1,1,0,0,0,1,1,0,0
3,-0.13125132843725829,0,0,-0.512118717467363,1,0,1,1,0,0,0,1,1,0,0
2,1.4614870907837616,0,2,0.059155594806899775,0,0,0,1,0,0,0,1,0,1,0
3,-0.13125132843725829,0,0,-0.5053534209884438,1,0,1,1,0,0,0,0,1,0,0
1,-0.13125132843725829,0,0,-0.1511594345406456,1,0,1,1,0,0,0,1,1,0,0
3,-0.6090728542035643,0,0,-0.5179879741003177,0,0,1,1,0,0,0,1,1,0,0
1,1.6207609327058636,0,0,-0.09809157248434638,0,0,0,0,0,0,0,0,0,0,0
2,0.028022513484843702,0,0,-0.40549388863535163,0,0,0,1,0,0,0,1,0,0,0
2,-0.13125132843725829,1,0,-0.1511594345406456,0,0,0,1,0,0,0,1,0,1,0
3,0.1872963554069457,0,0,-0.5047821466761696,0,0,1,1,0,0,0,1,1,0,0
3,-0.9276205380477682,0,0,-0.5023366230791051,0,0,1,1,0,0,0,1,1,0,0
3,-1.0072574590088192,1,1,-0.5183949092268694,0,0,1,1,0,0,0,0,1,0,0
3,-0.13125132843725829,3,1,-0.16159301641516152,1,0,1,1,0,0,0,1,0,0,1
3,-0.13125132843725829,0,0,-0.5086128148386114,1,0,1,1,0,0,1,0,1,0,0
3,-0.6887097751646152,0,0,-0.5047821466761696,0,0,1,1,0,0,0,1,1,0,0
3,1.0633024859785065,0,0,-0.5336393251215305,0,0,1,1,0,0,0,1,1,0,0
3,-0.13125132843725829,0,0,0.44546615355022645,0,0,1,1,0,0,0,1,1,0,0
3,-0.13125132843725829,0,0,-0.507716774992647,1,0,1,1,0,0,0,1,1,0,0
3,0.1076594344458947,3,0,-0.3076729447527724,0,0,1,1,0,0,0,1,1,0,0
3,-0.13125132843725829,1,0,-0.356583416694062,1,0,0,1,0,0,1,0,0,1,0
3,0.7447548021343027,0,0,-0.18735318377719995,0,0,1,1,0,0,0,1,1,0,0
3,1.0633024859785065,0,0,-0.5053534209884438,0,0,1,1,0,0,0,1,1,0,0
2,-0.13125132843725829,1,0,-0.1902878120936773,0,0,0,1,0,0,0,0,0,1,0
1,-0.13125132843725829,1,0,0.9477767003872708,0,0,1,1,0,0,0,0,1,0,0
1,0.7447548021343027,1,0,0.7347715950829545,0,0,1,0,0,0,0,0,1,0,0
3,-0.7683466961256662,0,0,-0.5061672912415469,0,0,1,1,0,0,0,1,1,0,0
3,-0.6887097751646152,1,0,-0.46761018800078946,0,0,0,1,0,0,0,1,0,0,0
3,-2.294723669109842,0,1,-0.47690317766963447,0,0,1,1,0,0,0,1,0,0,1
2,-1.7239897476582782,0,2,-0.023992207493292582,0,0,1,1,0,0,0,1,0,0,1
1,0.1076594344458947,1,0,0.45533041753134573,0,0,1,0,1,0,0,1,1,0,0
3,0.9040286440564046,0,5,0.11662539933791508,0,0,0,1,0,0,0,1,0,1,0
2,-1.8832635895803802,0,1,-0.014210113105034658,0,0,0,1,0,0,0,1,0,0,0
3,-0.44979901228146224,0,0,-0.5082058797120599,0,0,0,1,0,0,1,0,0,0,0
3,-1.8036266686193292,4,1,-0.09002134461403358,0,0,1,1,0,0,1,0,0,0,1
1,0.7447548021343027,1,1,0.8984592933194298,0,0,0,0,1,0,0,1,0,1,0
1,0.5058440392511496,1,2,1.687874310451844,0,0,0,0,1,0,0,1,0,1,0
1,0.42620711829009866,1,0,0.4700035591137326,0,0,0,0,0,0,0,0,0,1,0
3,0.34657019732904765,0,0,-0.532743285275566,0,0,1,1,0,0,0,1,1,0,0
3,1.3818501698227106,0,0,-0.483750643741415,0,0,1,1,0,0,0,1,1,0,0
3,-0.09143286795673279,0,0,-0.5183949092268694,0,0,1,1,0,0,0,0,1,0,0
2,-0.13125132843725829,0,0,-0.40549388863535163,0,0,0,1,0,0,0,1,0,0,0
2,1.7003978536669144,0,0,-0.4147868783041967,0,0,1,1,0,0,0,1,0,0,1
1,-1.8832635895803802,0,2,1.971555047711324,0,0,1,0,1,0,0,0,0,0,1
3,-0.13125132843725829,1,0,-0.3448449034281525,1,0,1,1,0,0,0,1,1,0,0
3,-0.13125132843725829,0,0,-0.5082058797120599,1,0,0,1,0,0,1,0,0,0,0
3,-0.13125132843725829,1,1,-0.37614760547057785,1,0,1,1,0,0,0,1,0,0,1
1,1.3818501698227106,0,0,0.09339292516580251,0,0,1,0,1,0,0,1,1,0,0
3,-0.13125132843725829,0,0,-0.5238572307332725,1,0,1,1,0,0,1,0,1,0,0
1,0.42620711829009866,0,0,1.9937271428517493,0,0,0,0,0,0,0,1,0,0,0
3,-1.5647159057361761,3,2,-0.11398747586526552,0,0,1,1,0,0,0,1,0,0,1
3,-0.13125132843725829,0,0,-0.5219008118556209,1,0,1,1,0,0,0,1,1,0,0
2,-1.0868943799698703,0,0,-0.45440436057664124,0,0,1,1,0,0,0,1,1,0,0
3,-0.6887097751646152,0,0,-0.507716774992647,0,0,1,1,0,0,0,1,1,0,0
1,-0.21088824939830927,0,0,0.8413162107409823,0,0,1,0,1,0,0,0,1,0,0
1,0.5058440392511496,0,0,0.12518473192764076,0,0,1,0,1,0,0,0,1,0,0
3,0.1872963554069457,0,0,0.44546615355022645,0,0,1,1,0,0,0,1,1,0,0
2,0.5058440392511496,0,0,-0.45440436057664124,0,0,1,1,0,0,0,1,1,0,0
2,0.34657019732904765,1,0,-0.24898037842322485,0,0,1,1,0,0,0,1,1,0,0
3,-1.962900510541431,4,2,-0.045757367507166476,0,0,1,1,0,0,0,1,0,0,1
3,0.028022513484843702,0,0,-0.49035355745348913,0,0,0,1,0,0,0,1,0,0,0
2,0.34657019732904765,0,0,-0.40549388863535163,0,0,1,1,0,0,0,1,1,0,0
3,-1.0072574590088192,0,0,-0.5204334976973822,0,0,1,1,0,0,0,1,1,0,0
3,-1.2063497614114467,8,2,0.7008609866766196,0,0,1,1,0,0,0,1,0,0,1
3,-1.962900510541431,2,1,-0.28305532601528255,0,0,0,1,0,0,0,0,0,0,0
3,0.8642101835758791,0,0,-0.5082058797120599,0,0,1,1,0,0,1,0,1,0,0
3,0.6651178811732517,0,0,-0.5183949092268694,0,0,0,1,0,0,0,0,0,1,0
3,-0.6090728542035643,0,0,-0.5183949092268694,0,0,1,1,0,0,0,0,1,0,0
1,1.4614870907837616,1,0,0.11491353281996997,0,0,0,0,1,0,0,0,0,1,0
3,-0.6887097751646152,0,0,-0.5061672912415469,0,0,1,1,0,0,0,1,1,0,0
2,0.5058440392511496,0,0,-0.40549388863535163,0,0,1,1,0,0,0,1,1,0,0
3,-1.0072574590088192,2,0,-0.5023366230791051,0,0,1,1,0,0,0,1,1,0,0
3,-0.13125132843725829,0,0,-0.505678186522134,1,0,1,1,0,0,0,1,1,0,0
1,2.7356778261605776,1,4,4.48555330549361,0,0,1,0,0,0,0,1,1,0,0
3,-0.8479836170867172,0,0,-0.5023366230791051,0,0,1,1,0,0,0,1,1,0,0
1,-0.29052517035936026,1,0,2.016145746770759,0,0,0,0,0,0,0,0,0,1,0
3,-0.44979901228146224,1,0,-0.34973595062228147,0,0,0,1,0,0,0,1,0,1,0
2,0.34657019732904765,0,0,-0.40549388863535163,0,0,1,1,0,0,0,1,1,0,0
3,-0.29052517035936026,1,0,-0.5061672912415469,0,0,1,1,0,0,0,1,1,0,0
1,2.2578563003942715,0,0,-0.07877193606753698,0,0,1,0,1,0,0,0,1,0,0
1,-0.21088824939830927,0,0,-0.06312058504632428,0,0,1,1,0,0,0,1,1,0,0
2,1.6207609327058636,0,0,-0.45440436057664124,0,0,0,1,0,0,0,1,0,0,0
3,-0.13125132843725829,1,0,-0.37696343214255856,1,0,1,1,0,0,0,0,1,0,0
1,1.6207609327058636,1,1,3.477997583503044,0,0,0,0,0,0,0,0,0,1,0
3,0.9836655650174556,0,0,-0.512118717467363,0,0,1,1,0,0,0,1,1,0,0
3,0.1076594344458947,0,0,-0.48994662232693764,0,0,0,1,0,0,0,1,0,1,0
2,-0.44979901228146224,0,0,-0.40549388863535163,0,0,0,1,0,0,0,1,0,1,0
1,-0.13125132843725829,1,0,2.206732248156066,1,0,0,0,1,0,0,0,0,1,0
3,-0.13125132843725829,0,0,-0.507716774992647,1,0,1,1,0,0,0,1,1,0,0
3,-2.347809640622479,1,2,-0.2572951586532441,0,0,0,1,0,0,0,1,0,0,0
3,-0.13125132843725829,0,0,-0.5023366230791051,1,0,1,1,0,0,0,1,1,0,0
3,-0.13125132843725829,0,0,-0.5085326016646277,1,0,0,1,0,0,1,0,0,0,0
2,-0.7683466961256662,0,0,0.059155594806899775,0,0,0,1,0,0,0,1,0,0,0
3,0.1872963554069457,1,1,-0.356583416694062,0,0,0,1,0,0,1,0,0,1,0
